f,type,offset,first_harmonic,last_harmonic,left_width,right_width,comment
19.15,0,0.0,1,1,0.0003,0.0003,% PR2 pitch line
19.65,0,0.0,1,1,0.0003,0.0003,% PR2 yaw line
33.7000,0,0.0,1,1,0.0003,0.0003,% Calibration line
34.7000,0,0.0,1,1,0.0003,0.0003,% Calibration line
35.3000,0,0.0,1,1,0.0003,0.0003,% Calibration line
331.300,0,0.0,1,1,0.0003,0.0003,% Calibration line
1083.100,0,0.0,1,1,0.0003,0.0003,% Calibration line
13.7500,0,0.0,1,1,0.75,0.75,% Roll modes region
60.0000,2,0.0,1,10,0.06,0.06,% Power mains
306.2,0,0.0,1,1,0.3,0.3,% Beam splitter violin mode 1st harmonic region 
307.34,0,0.0,1,1,0.01,0.01,% Beam splitter violin mode 1st harmonic region 
307.5,0,0.0,1,1,0.05,0.05,% Beam splitter violin mode 1st harmonic region 
315.1,0,0.0,1,1,0.3,0.3,% Beam splitter violin mode 1st harmonic region 
333.33,0,0.0,1,1,0.01,0.01,% Beam splitter violin mode 1st harmonic region 
612.5,0,0.0,1,1,0.05,0.05,% Beam splitter violin mode 1st harmonic region 
615.03,0,0.0,1,1,0.02,0.02,% Beam splitter violin mode 2nd harmonic region 
629.89,0,0.0,1,1,0.05,0.05,% Beam splitter violin mode 2nd harmonic region 
630.17,0,0.0,1,1,0.1,0.1,% Beam splitter violin mode 2nd harmonic region 
630.39,0,0.0,1,1,0.05,0.05,% Beam splitter violin mode 2nd harmonic region 
918.76,0,0.0,1,1,0.03,0.03,% Beam splitter violin mode 3rd harmonic region 
926.63,0,0.0,1,1,0.02,0.02,% Beam splitter violin mode 3rd harmonic region 
945.35,0,0.0,1,1,0.05,0.05,% Beam splitter violin mode 3rd harmonic region 
945.72,0,0.0,1,1,0.02,0.02,% Beam splitter violin mode 3rd harmonic region 
1225.20,0,0.0,1,1,0.02,0.02,% Beam splitter violin mode 4th harmonic region 
508.5,0,0.0,1,1,11.5,11.5,% Quad violin mode 1st harmonic region 
991.625,0,0.0,1,1,0.625,0.625,% Quad violin mode 2nd harmonic region
998.69,0,0.0,1,1,0.03,0.03,% Quad violin mode 2nd harmonic region
1019.0,0,0.0,1,1,11.0,11.0,% Quad violin mode 2nd harmonic region
1457.59,0,0.0,1,1,0.01,0.01,% Quad violin mode 3rd harmonic region
1457.86,0,0.0,1,1,0.01,0.01,% Quad violin mode 3rd harmonic region
1470.74,0,0.0,1,1,0.01,0.01,% Quad violin mode 3rd harmonic region
1496.0,0,0.0,1,1,4.0,4.0,% Quad violin mode 3rd harmonic region
1504.0,0,0.0,1,1,2.0,2.0,% Quad violin mode 3rd harmonic region
1511.1,0,0.0,1,1,0.5,0.5,% Quad violin mode 3rd harmonic region
1922.34,0,0.0,1,1,0.01,0.01,% Quad violin mode 4th harmonic region
1941.025,0,0.0,1,1,0.01,0.01,% Quad violin mode 4th harmonic region
1953.88,0,0.0,1,1,0.01,0.01,% Quad violin mode 4th harmonic region
1954.605,0,0.0,1,1,0.01,0.01,% Quad violin mode 4th harmonic region
1958.16,0,0.0,1,1,0.01,0.01,% Quad violin mode 4th harmonic region
1958.955,0,0.0,1,1,0.01,0.01,% Quad violin mode 4th harmonic region
1962.20,0,0.0,1,1,0.01,0.01,% Quad violin mode 4th harmonic region
1962.88,0,0.0,1,1,0.01,0.01,% Quad violin mode 4th harmonic region
1966.67,0,0.0,1,1,0.01,0.01,% Quad violin mode 4th harmonic region
1967.06,0,0.0,1,1,0.01,0.01,% Quad violin mode 4th harmonic region
1967.32,0,0.0,1,1,0.01,0.01,% Quad violin mode 4th harmonic region
1973.22,0,0.0,1,1,0.01,0.01,% Quad violin mode 4th harmonic region
1977.91,0,0.0,1,1,0.01,0.01,% Quad violin mode 4th harmonic region
1978.59,0,0.0,1,1,0.01,0.01,% Quad violin mode 4th harmonic region
1982.52,0,0.0,1,1,0.01,0.01,% Quad violin mode 4th harmonic region
1983.10,0,0.0,1,1,0.01,0.01,% Quad violin mode 4th harmonic region
1985.46,0,0.0,1,1,0.01,0.01,% Quad violin mode 4th harmonic region
1985.85,0,0.0,1,1,0.01,0.01,% Quad violin mode 4th harmonic region
1986.21,0,0.0,1,1,0.01,0.01,% Quad violin mode 4th harmonic region
1986.64,0,0.0,1,1,0.01,0.01,% Quad violin mode 4th harmonic region
1988.15,0,0.0,1,1,0.01,0.01,% Quad violin mode 4th harmonic region
1988.36,0,0.0,1,1,0.01,0.01,% Quad violin mode 4th harmonic region
1988.88,0,0.0,1,1,0.01,0.01,% Quad violin mode 4th harmonic region
1989.84,0,0.0,1,1,0.01,0.01,% Quad violin mode 4th harmonic region
1990.34,0,0.0,1,1,0.01,0.01,% Quad violin mode 4th harmonic region
31.5118,0,0.0,1,1,0.0006,0.0006,% Environmental disturbance
35.7064,0,0.0,1,1,0.0009,0.0009,% Environmental disturbance
35.7632,0,0.0,1,1,0.0004,0.0004,% Environmental disturbance
39.7632,0,0.0,1,1,0.0014,0.0014,% Environmental disturbance
99.9775,0,0.0,1,1,0.0025,0.0025,% Environmental disturbance
100.0000,0,0.0,1,1,0.003,0.003,% Environmental disturbance
100.0020,0,0.0,1,1,0.0003,0.0003,% Environmental disturbance
0.999989,1,20.5000,0,69,0.001,0.001,% Blinking LEDS in timing system
0.9865,1,18.7433,0,37,0.002,0.002,% Unknown comb
0.9865,1,18.7570,0,37,0.002,0.002,% Unknown comb
0.98793,1,21.7344,0,27,0.001,0.001,% Unknown comb
0.999970,1,18.2502,0,35,0.001,0.001,% Unknown comb
0.999975,1,76.75,0,36,0.001,0.001,% Unknown comb
0.999979,1,31.7512,0,24,0.0003,0.0003,% Unknown comb
0.999979,1,41.0017,0,14,0.0003,0.0003,% Unknown comb
1.0000,1,15.7487,0,13,0.001,0.001,% Unknown comb
1.0000,1,17.9995,0,32,0.001,0.001,% Unknown comb
1.0000,1,103.000,0,26,0.0003,0.0003,% Unknown comb
1.431111,1,40.0737,0,5,0.0003,0.0003,% Unknown comb
1.9464,1,9.73203,0,27,0.001,0.001,% Unknown comb
1.9464,1,9.73203,0,27,0.001,0.001,% Unknown comb
1.9464,1,21.3575,0,20,0.001,0.001,% Unknown comb
1.9464,1,21.3842,0,20,0.001,0.001,% Unknown comb
1.9464,1,21.4374,0,20,0.001,0.001,% Unknown comb
1.9464,1,21.4639,0,20,0.001,0.001,% Unknown comb
1.9464,1,29.2767,0,14,0.001,0.001,% Unknown comb
1.9464,1,29.3031,0,14,0.001,0.001,% Unknown comb
1.946428,1,83.7233,0,14,0.0003,0.0003,% Unknown comb
1.946389,1,27.2367,0,12,0.0005,0.0005,% Unknown comb
2.20458,1,0.,10,21,0.0005,0.0005,% Unknown comb
2.202136,1,0.,11,22,0.0005,0.0005,% Unknown comb
3.89284,1,37.0226,0,5,0.0005,0.0005,% Unknown comb
4.00000,1,27.7633,0,4,0.0015,0.0015,% Unknown comb
11.92117,1,19.8422,0,6,0.0008,0.0008,% Unknown comb
11.985395,2,0.0,1,22,0.0008,0.0004,% Unknown comb
66.665,1,0.0,1,2,0.001,0.001,% Unknown comb
99.99928,1,0.0,1,20,0.0003,0.0003,% Unknown comb
14.000000,0,0.0,1,1,0.0003,0.0003,% Line in the weird comb
19.800000,0,0.0,1,1,0.0003,0.0003,% Line in the weird comb
22.700000,0,0.0,1,1,0.0003,0.0003,% Line in the weird comb
25.600000,0,0.0,1,1,0.0003,0.0003,% Line in the weird comb
28.500000,0,0.0,1,1,0.0003,0.0003,% Line in the weird comb
31.400000,0,0.0,1,1,0.0003,0.0003,% Line in the weird comb
33.800000,0,0.0,1,1,0.0003,0.0003,% Line in the weird comb
34.300000,0,0.0,1,1,0.0003,0.0003,% Line in the weird comb
36.700000,0,0.0,1,1,0.0003,0.0003,% Line in the weird comb
37.200000,0,0.0,1,1,0.0003,0.0003,% Line in the weird comb
39.600000,0,0.0,1,1,0.0003,0.0003,% Line in the weird comb
42.500000,0,0.0,1,1,0.0003,0.0003,% Line in the weird comb
45.400000,0,0.0,1,1,0.0003,0.0003,% Line in the weird comb
45.900000,0,0.0,1,1,0.0003,0.0003,% Line in the weird comb
47.800000,0,0.0,1,1,0.0003,0.0003,% Line in the weird comb
48.300000,0,0.0,1,1,0.0003,0.0003,% Line in the weird comb
51.200000,0,0.0,1,1,0.0003,0.0003,% Line in the weird comb
53.600000,0,0.0,1,1,0.0003,0.0003,% Line in the weird comb
54.100000,0,0.0,1,1,0.0003,0.0003,% Line in the weird comb
56.500000,0,0.0,1,1,0.0003,0.0003,% Line in the weird comb
57.000000,0,0.0,1,1,0.0003,0.0003,% Line in the weird comb
62.300000,0,0.0,1,1,0.0003,0.0003,% Line in the weird comb
62.800000,0,0.0,1,1,0.0003,0.0003,% Line in the weird comb
63.300000,0,0.0,1,1,0.0003,0.0003,% Line in the weird comb
65.200000,0,0.0,1,1,0.0003,0.0003,% Line in the weird comb
65.700000,0,0.0,1,1,0.0003,0.0003,% Line in the weird comb
67.600000,0,0.0,1,1,0.0003,0.0003,% Line in the weird comb
68.100000,0,0.0,1,1,0.0003,0.0003,% Line in the weird comb
68.600000,0,0.0,1,1,0.0003,0.0003,% Line in the weird comb
71.000000,0,0.0,1,1,0.0003,0.0003,% Line in the weird comb
71.500000,0,0.0,1,1,0.0003,0.0003,% Line in the weird comb
73.400000,0,0.0,1,1,0.0003,0.0003,% Line in the weird comb
73.900000,0,0.0,1,1,0.0003,0.0003,% Line in the weird comb
74.400000,0,0.0,1,1,0.0003,0.0003,% Line in the weird comb
74.900000,0,0.0,1,1,0.0003,0.0003,% Line in the weird comb
76.300000,0,0.0,1,1,0.0003,0.0003,% Line in the weird comb
76.800000,0,0.0,1,1,0.0003,0.0003,% Line in the weird comb
77.300000,0,0.0,1,1,0.0003,0.0003,% Line in the weird comb
77.800000,0,0.0,1,1,0.0003,0.0003,% Line in the weird comb
79.200000,0,0.0,1,1,0.0003,0.0003,% Line in the weird comb
79.700000,0,0.0,1,1,0.0003,0.0003,% Line in the weird comb
80.200000,0,0.0,1,1,0.0003,0.0003,% Line in the weird comb
80.700000,0,0.0,1,1,0.0003,0.0003,% Line in the weird comb
82.100000,0,0.0,1,1,0.0003,0.0003,% Line in the weird comb
82.600000,0,0.0,1,1,0.0003,0.0003,% Line in the weird comb
83.600000,0,0.0,1,1,0.0003,0.0003,% Line in the weird comb
85.000000,0,0.0,1,1,0.0003,0.0003,% Line in the weird comb
85.500000,0,0.0,1,1,0.0003,0.0003,% Line in the weird comb
86.000000,0,0.0,1,1,0.0003,0.0003,% Line in the weird comb
86.500000,0,0.0,1,1,0.0003,0.0003,% Line in the weird comb
87.900000,0,0.0,1,1,0.0003,0.0003,% Line in the weird comb
88.400000,0,0.0,1,1,0.0003,0.0003,% Line in the weird comb
90.300000,0,0.0,1,1,0.0003,0.0003,% Line in the weird comb
90.800000,0,0.0,1,1,0.0003,0.0003,% Line in the weird comb
91.300000,0,0.0,1,1,0.0003,0.0003,% Line in the weird comb
93.700000,0,0.0,1,1,0.0003,0.0003,% Line in the weird comb
94.200000,0,0.0,1,1,0.0003,0.0003,% Line in the weird comb
96.600000,0,0.0,1,1,0.0003,0.0003,% Line in the weird comb
97.100000,0,0.0,1,1,0.0003,0.0003,% Line in the weird comb
99.000000,0,0.0,1,1,0.0003,0.0003,% Line in the weird comb
99.500000,0,0.0,1,1,0.0003,0.0003,% Line in the weird comb
101.900000,0,0.0,1,1,0.0003,0.0003,% Line in the weird comb
102.400000,0,0.0,1,1,0.0003,0.0003,% Line in the weird comb
102.900000,0,0.0,1,1,0.0003,0.0003,% Line in the weird comb
104.800000,0,0.0,1,1,0.0003,0.0003,% Line in the weird comb
105.300000,0,0.0,1,1,0.0003,0.0003,% Line in the weird comb
107.200000,0,0.0,1,1,0.0003,0.0003,% Line in the weird comb
107.700000,0,0.0,1,1,0.0003,0.0003,% Line in the weird comb
108.200000,0,0.0,1,1,0.0003,0.0003,% Line in the weird comb
110.600000,0,0.0,1,1,0.0003,0.0003,% Line in the weird comb
111.100000,0,0.0,1,1,0.0003,0.0003,% Line in the weird comb
113.000000,0,0.0,1,1,0.0003,0.0003,% Line in the weird comb
113.500000,0,0.0,1,1,0.0003,0.0003,% Line in the weird comb
114.000000,0,0.0,1,1,0.0003,0.0003,% Line in the weird comb
116.400000,0,0.0,1,1,0.0003,0.0003,% Line in the weird comb
116.900000,0,0.0,1,1,0.0003,0.0003,% Line in the weird comb
119.300000,0,0.0,1,1,0.0003,0.0003,% Line in the weird comb
121.700000,0,0.0,1,1,0.0003,0.0003,% Line in the weird comb
122.200000,0,0.0,1,1,0.0003,0.0003,% Line in the weird comb
122.700000,0,0.0,1,1,0.0003,0.0003,% Line in the weird comb
124.600000,0,0.0,1,1,0.0003,0.0003,% Line in the weird comb
125.100000,0,0.0,1,1,0.0003,0.0003,% Line in the weird comb
125.600000,0,0.0,1,1,0.0003,0.0003,% Line in the weird comb
127.500000,0,0.0,1,1,0.0003,0.0003,% Line in the weird comb
128.000000,0,0.0,1,1,0.0003,0.0003,% Line in the weird comb
128.500000,0,0.0,1,1,0.0003,0.0003,% Line in the weird comb
129.900000,0,0.0,1,1,0.0003,0.0003,% Line in the weird comb
130.400000,0,0.0,1,1,0.0003,0.0003,% Line in the weird comb
130.900000,0,0.0,1,1,0.0003,0.0003,% Line in the weird comb
133.300000,0,0.0,1,1,0.0003,0.0003,% Line in the weird comb
136.200000,0,0.0,1,1,0.0003,0.0003,% Line in the weird comb
136.700000,0,0.0,1,1,0.0003,0.0003,% Line in the weird comb
139.100000,0,0.0,1,1,0.0003,0.0003,% Line in the weird comb
141.500000,0,0.0,1,1,0.0003,0.0003,% Line in the weird comb
142.000000,0,0.0,1,1,0.0003,0.0003,% Line in the weird comb
142.500000,0,0.0,1,1,0.0003,0.0003,% Line in the weird comb
144.400000,0,0.0,1,1,0.0003,0.0003,% Line in the weird comb
144.900000,0,0.0,1,1,0.0003,0.0003,% Line in the weird comb
145.400000,0,0.0,1,1,0.0003,0.0003,% Line in the weird comb
147.300000,0,0.0,1,1,0.0003,0.0003,% Line in the weird comb
147.800000,0,0.0,1,1,0.0003,0.0003,% Line in the weird comb
148.300000,0,0.0,1,1,0.0003,0.0003,% Line in the weird comb
150.700000,0,0.0,1,1,0.0003,0.0003,% Line in the weird comb
153.100000,0,0.0,1,1,0.0003,0.0003,% Line in the weird comb
153.600000,0,0.0,1,1,0.0003,0.0003,% Line in the weird comb
154.100000,0,0.0,1,1,0.0003,0.0003,% Line in the weird comb
156.500000,0,0.0,1,1,0.0003,0.0003,% Line in the weird comb
157.000000,0,0.0,1,1,0.0003,0.0003,% Line in the weird comb
158.400000,0,0.0,1,1,0.0003,0.0003,% Line in the weird comb
158.900000,0,0.0,1,1,0.0003,0.0003,% Line in the weird comb
159.400000,0,0.0,1,1,0.0003,0.0003,% Line in the weird comb
161.300000,0,0.0,1,1,0.0003,0.0003,% Line in the weird comb
161.800000,0,0.0,1,1,0.0003,0.0003,% Line in the weird comb
162.300000,0,0.0,1,1,0.0003,0.0003,% Line in the weird comb
164.700000,0,0.0,1,1,0.0003,0.0003,% Line in the weird comb
165.200000,0,0.0,1,1,0.0003,0.0003,% Line in the weird comb
167.600000,0,0.0,1,1,0.0003,0.0003,% Line in the weird comb
168.100000,0,0.0,1,1,0.0003,0.0003,% Line in the weird comb
170.500000,0,0.0,1,1,0.0003,0.0003,% Line in the weird comb
171.000000,0,0.0,1,1,0.0003,0.0003,% Line in the weird comb
171.500000,0,0.0,1,1,0.0003,0.0003,% Line in the weird comb
172.000000,0,0.0,1,1,0.0003,0.0003,% Line in the weird comb
173.400000,0,0.0,1,1,0.0003,0.0003,% Line in the weird comb
173.900000,0,0.0,1,1,0.0003,0.0003,% Line in the weird comb
174.400000,0,0.0,1,1,0.0003,0.0003,% Line in the weird comb
175.800000,0,0.0,1,1,0.0003,0.0003,% Line in the weird comb
176.300000,0,0.0,1,1,0.0003,0.0003,% Line in the weird comb
178.700000,0,0.0,1,1,0.0003,0.0003,% Line in the weird comb
179.200000,0,0.0,1,1,0.0003,0.0003,% Line in the weird comb
181.600000,0,0.0,1,1,0.0003,0.0003,% Line in the weird comb
182.100000,0,0.0,1,1,0.0003,0.0003,% Line in the weird comb
182.600000,0,0.0,1,1,0.0003,0.0003,% Line in the weird comb
184.500000,0,0.0,1,1,0.0003,0.0003,% Line in the weird comb
185.000000,0,0.0,1,1,0.0003,0.0003,% Line in the weird comb
187.400000,0,0.0,1,1,0.0003,0.0003,% Line in the weird comb
187.900000,0,0.0,1,1,0.0003,0.0003,% Line in the weird comb
190.300000,0,0.0,1,1,0.0003,0.0003,% Line in the weird comb
193.200000,0,0.0,1,1,0.0003,0.0003,% Line in the weird comb
193.700000,0,0.0,1,1,0.0003,0.0003,% Line in the weird comb
196.100000,0,0.0,1,1,0.0003,0.0003,% Line in the weird comb
198.500000,0,0.0,1,1,0.0003,0.0003,% Line in the weird comb
199.000000,0,0.0,1,1,0.0003,0.0003,% Line in the weird comb
199.500000,0,0.0,1,1,0.0003,0.0003,% Line in the weird comb
201.400000,0,0.0,1,1,0.0003,0.0003,% Line in the weird comb
201.900000,0,0.0,1,1,0.0003,0.0003,% Line in the weird comb
204.300000,0,0.0,1,1,0.0003,0.0003,% Line in the weird comb
204.800000,0,0.0,1,1,0.0003,0.0003,% Line in the weird comb
206.700000,0,0.0,1,1,0.0003,0.0003,% Line in the weird comb
207.200000,0,0.0,1,1,0.0003,0.0003,% Line in the weird comb
207.700000,0,0.0,1,1,0.0003,0.0003,% Line in the weird comb
209.600000,0,0.0,1,1,0.0003,0.0003,% Line in the weird comb
210.600000,0,0.0,1,1,0.0003,0.0003,% Line in the weird comb
212.500000,0,0.0,1,1,0.0003,0.0003,% Line in the weird comb
213.000000,0,0.0,1,1,0.0003,0.0003,% Line in the weird comb
213.500000,0,0.0,1,1,0.0003,0.0003,% Line in the weird comb
215.400000,0,0.0,1,1,0.0003,0.0003,% Line in the weird comb
215.900000,0,0.0,1,1,0.0003,0.0003,% Line in the weird comb
216.400000,0,0.0,1,1,0.0003,0.0003,% Line in the weird comb
216.900000,0,0.0,1,1,0.0003,0.0003,% Line in the weird comb
218.800000,0,0.0,1,1,0.0003,0.0003,% Line in the weird comb
219.300000,0,0.0,1,1,0.0003,0.0003,% Line in the weird comb
221.200000,0,0.0,1,1,0.0003,0.0003,% Line in the weird comb
221.700000,0,0.0,1,1,0.0003,0.0003,% Line in the weird comb
222.200000,0,0.0,1,1,0.0003,0.0003,% Line in the weird comb
224.100000,0,0.0,1,1,0.0003,0.0003,% Line in the weird comb
224.600000,0,0.0,1,1,0.0003,0.0003,% Line in the weird comb
227.500000,0,0.0,1,1,0.0003,0.0003,% Line in the weird comb
228.000000,0,0.0,1,1,0.0003,0.0003,% Line in the weird comb
229.900000,0,0.0,1,1,0.0003,0.0003,% Line in the weird comb
232.800000,0,0.0,1,1,0.0003,0.0003,% Line in the weird comb
233.300000,0,0.0,1,1,0.0003,0.0003,% Line in the weird comb
235.200000,0,0.0,1,1,0.0003,0.0003,% Line in the weird comb
235.700000,0,0.0,1,1,0.0003,0.0003,% Line in the weird comb
236.200000,0,0.0,1,1,0.0003,0.0003,% Line in the weird comb
238.600000,0,0.0,1,1,0.0003,0.0003,% Line in the weird comb
239.100000,0,0.0,1,1,0.0003,0.0003,% Line in the weird comb
239.600000,0,0.0,1,1,0.0003,0.0003,% Line in the weird comb
241.000000,0,0.0,1,1,0.0003,0.0003,% Line in the weird comb
241.500000,0,0.0,1,1,0.0003,0.0003,% Line in the weird comb
242.000000,0,0.0,1,1,0.0003,0.0003,% Line in the weird comb
244.400000,0,0.0,1,1,0.0003,0.0003,% Line in the weird comb
247.300000,0,0.0,1,1,0.0003,0.0003,% Line in the weird comb
249.700000,0,0.0,1,1,0.0003,0.0003,% Line in the weird comb
250.200000,0,0.0,1,1,0.0003,0.0003,% Line in the weird comb
252.600000,0,0.0,1,1,0.0003,0.0003,% Line in the weird comb
253.100000,0,0.0,1,1,0.0003,0.0003,% Line in the weird comb
255.500000,0,0.0,1,1,0.0003,0.0003,% Line in the weird comb
256.000000,0,0.0,1,1,0.0003,0.0003,% Line in the weird comb
256.500000,0,0.0,1,1,0.0003,0.0003,% Line in the weird comb
257.900000,0,0.0,1,1,0.0003,0.0003,% Line in the weird comb
258.400000,0,0.0,1,1,0.0003,0.0003,% Line in the weird comb
258.900000,0,0.0,1,1,0.0003,0.0003,% Line in the weird comb
259.400000,0,0.0,1,1,0.0003,0.0003,% Line in the weird comb
261.300000,0,0.0,1,1,0.0003,0.0003,% Line in the weird comb
264.200000,0,0.0,1,1,0.0003,0.0003,% Line in the weird comb
264.700000,0,0.0,1,1,0.0003,0.0003,% Line in the weird comb
267.100000,0,0.0,1,1,0.0003,0.0003,% Line in the weird comb
267.600000,0,0.0,1,1,0.0003,0.0003,% Line in the weird comb
269.500000,0,0.0,1,1,0.0003,0.0003,% Line in the weird comb
270.000000,0,0.0,1,1,0.0003,0.0003,% Line in the weird comb
270.500000,0,0.0,1,1,0.0003,0.0003,% Line in the weird comb
272.900000,0,0.0,1,1,0.0003,0.0003,% Line in the weird comb
275.300000,0,0.0,1,1,0.0003,0.0003,% Line in the weird comb
275.800000,0,0.0,1,1,0.0003,0.0003,% Line in the weird comb
278.200000,0,0.0,1,1,0.0003,0.0003,% Line in the weird comb
278.700000,0,0.0,1,1,0.0003,0.0003,% Line in the weird comb
279.200000,0,0.0,1,1,0.0003,0.0003,% Line in the weird comb
281.100000,0,0.0,1,1,0.0003,0.0003,% Line in the weird comb
281.600000,0,0.0,1,1,0.0003,0.0003,% Line in the weird comb
284.000000,0,0.0,1,1,0.0003,0.0003,% Line in the weird comb
286.900000,0,0.0,1,1,0.0003,0.0003,% Line in the weird comb
289.800000,0,0.0,1,1,0.0003,0.0003,% Line in the weird comb
292.700000,0,0.0,1,1,0.0003,0.0003,% Line in the weird comb
295.100000,0,0.0,1,1,0.0003,0.0003,% Line in the weird comb
295.600000,0,0.0,1,1,0.0003,0.0003,% Line in the weird comb
298.000000,0,0.0,1,1,0.0003,0.0003,% Line in the weird comb
298.500000,0,0.0,1,1,0.0003,0.0003,% Line in the weird comb
300.900000,0,0.0,1,1,0.0003,0.0003,% Line in the weird comb
303.800000,0,0.0,1,1,0.0003,0.0003,% Line in the weird comb
304.300000,0,0.0,1,1,0.0003,0.0003,% Line in the weird comb
306.700000,0,0.0,1,1,0.0003,0.0003,% Line in the weird comb
307.200000,0,0.0,1,1,0.0003,0.0003,% Line in the weird comb
309.600000,0,0.0,1,1,0.0003,0.0003,% Line in the weird comb
310.100000,0,0.0,1,1,0.0003,0.0003,% Line in the weird comb
310.600000,0,0.0,1,1,0.0003,0.0003,% Line in the weird comb
312.500000,0,0.0,1,1,0.0003,0.0003,% Line in the weird comb
315.400000,0,0.0,1,1,0.0003,0.0003,% Line in the weird comb
318.300000,0,0.0,1,1,0.0003,0.0003,% Line in the weird comb
318.800000,0,0.0,1,1,0.0003,0.0003,% Line in the weird comb
321.200000,0,0.0,1,1,0.0003,0.0003,% Line in the weird comb
323.600000,0,0.0,1,1,0.0003,0.0003,% Line in the weird comb
324.100000,0,0.0,1,1,0.0003,0.0003,% Line in the weird comb
324.600000,0,0.0,1,1,0.0003,0.0003,% Line in the weird comb
326.500000,0,0.0,1,1,0.0003,0.0003,% Line in the weird comb
327.000000,0,0.0,1,1,0.0003,0.0003,% Line in the weird comb
329.900000,0,0.0,1,1,0.0003,0.0003,% Line in the weird comb
334.700000,0,0.0,1,1,0.0003,0.0003,% Line in the weird comb
335.200000,0,0.0,1,1,0.0003,0.0003,% Line in the weird comb
335.700000,0,0.0,1,1,0.0003,0.0003,% Line in the weird comb
338.100000,0,0.0,1,1,0.0003,0.0003,% Line in the weird comb
340.500000,0,0.0,1,1,0.0003,0.0003,% Line in the weird comb
341.000000,0,0.0,1,1,0.0003,0.0003,% Line in the weird comb
341.500000,0,0.0,1,1,0.0003,0.0003,% Line in the weird comb
343.900000,0,0.0,1,1,0.0003,0.0003,% Line in the weird comb
346.800000,0,0.0,1,1,0.0003,0.0003,% Line in the weird comb
349.200000,0,0.0,1,1,0.0003,0.0003,% Line in the weird comb
352.100000,0,0.0,1,1,0.0003,0.0003,% Line in the weird comb
352.600000,0,0.0,1,1,0.0003,0.0003,% Line in the weird comb
355.500000,0,0.0,1,1,0.0003,0.0003,% Line in the weird comb
357.900000,0,0.0,1,1,0.0003,0.0003,% Line in the weird comb
358.400000,0,0.0,1,1,0.0003,0.0003,% Line in the weird comb
360.800000,0,0.0,1,1,0.0003,0.0003,% Line in the weird comb
363.700000,0,0.0,1,1,0.0003,0.0003,% Line in the weird comb
364.200000,0,0.0,1,1,0.0003,0.0003,% Line in the weird comb
366.100000,0,0.0,1,1,0.0003,0.0003,% Line in the weird comb
366.600000,0,0.0,1,1,0.0003,0.0003,% Line in the weird comb
367.100000,0,0.0,1,1,0.0003,0.0003,% Line in the weird comb
369.500000,0,0.0,1,1,0.0003,0.0003,% Line in the weird comb
371.900000,0,0.0,1,1,0.0003,0.0003,% Line in the weird comb
372.400000,0,0.0,1,1,0.0003,0.0003,% Line in the weird comb
372.900000,0,0.0,1,1,0.0003,0.0003,% Line in the weird comb
375.300000,0,0.0,1,1,0.0003,0.0003,% Line in the weird comb
377.700000,0,0.0,1,1,0.0003,0.0003,% Line in the weird comb
380.600000,0,0.0,1,1,0.0003,0.0003,% Line in the weird comb
381.100000,0,0.0,1,1,0.0003,0.0003,% Line in the weird comb
383.500000,0,0.0,1,1,0.0003,0.0003,% Line in the weird comb
386.400000,0,0.0,1,1,0.0003,0.0003,% Line in the weird comb
389.300000,0,0.0,1,1,0.0003,0.0003,% Line in the weird comb
389.800000,0,0.0,1,1,0.0003,0.0003,% Line in the weird comb
391.700000,0,0.0,1,1,0.0003,0.0003,% Line in the weird comb
392.200000,0,0.0,1,1,0.0003,0.0003,% Line in the weird comb
395.100000,0,0.0,1,1,0.0003,0.0003,% Line in the weird comb
397.500000,0,0.0,1,1,0.0003,0.0003,% Line in the weird comb
398.000000,0,0.0,1,1,0.0003,0.0003,% Line in the weird comb
400.400000,0,0.0,1,1,0.0003,0.0003,% Line in the weird comb
400.900000,0,0.0,1,1,0.0003,0.0003,% Line in the weird comb
401.400000,0,0.0,1,1,0.0003,0.0003,% Line in the weird comb
402.800000,0,0.0,1,1,0.0003,0.0003,% Line in the weird comb
403.300000,0,0.0,1,1,0.0003,0.0003,% Line in the weird comb
403.800000,0,0.0,1,1,0.0003,0.0003,% Line in the weird comb
405.700000,0,0.0,1,1,0.0003,0.0003,% Line in the weird comb
406.200000,0,0.0,1,1,0.0003,0.0003,% Line in the weird comb
406.700000,0,0.0,1,1,0.0003,0.0003,% Line in the weird comb
407.200000,0,0.0,1,1,0.0003,0.0003,% Line in the weird comb
409.100000,0,0.0,1,1,0.0003,0.0003,% Line in the weird comb
411.500000,0,0.0,1,1,0.0003,0.0003,% Line in the weird comb
412.000000,0,0.0,1,1,0.0003,0.0003,% Line in the weird comb
412.500000,0,0.0,1,1,0.0003,0.0003,% Line in the weird comb
414.400000,0,0.0,1,1,0.0003,0.0003,% Line in the weird comb
414.900000,0,0.0,1,1,0.0003,0.0003,% Line in the weird comb
415.400000,0,0.0,1,1,0.0003,0.0003,% Line in the weird comb
415.900000,0,0.0,1,1,0.0003,0.0003,% Line in the weird comb
417.300000,0,0.0,1,1,0.0003,0.0003,% Line in the weird comb
417.800000,0,0.0,1,1,0.0003,0.0003,% Line in the weird comb
420.700000,0,0.0,1,1,0.0003,0.0003,% Line in the weird comb
422.600000,0,0.0,1,1,0.0003,0.0003,% Line in the weird comb
423.600000,0,0.0,1,1,0.0003,0.0003,% Line in the weird comb
426.500000,0,0.0,1,1,0.0003,0.0003,% Line in the weird comb
429.400000,0,0.0,1,1,0.0003,0.0003,% Line in the weird comb
431.800000,0,0.0,1,1,0.0003,0.0003,% Line in the weird comb
434.700000,0,0.0,1,1,0.0003,0.0003,% Line in the weird comb
437.600000,0,0.0,1,1,0.0003,0.0003,% Line in the weird comb
440.500000,0,0.0,1,1,0.0003,0.0003,% Line in the weird comb
441.000000,0,0.0,1,1,0.0003,0.0003,% Line in the weird comb
443.400000,0,0.0,1,1,0.0003,0.0003,% Line in the weird comb
445.800000,0,0.0,1,1,0.0003,0.0003,% Line in the weird comb
446.300000,0,0.0,1,1,0.0003,0.0003,% Line in the weird comb
449.200000,0,0.0,1,1,0.0003,0.0003,% Line in the weird comb
451.600000,0,0.0,1,1,0.0003,0.0003,% Line in the weird comb
452.100000,0,0.0,1,1,0.0003,0.0003,% Line in the weird comb
454.000000,0,0.0,1,1,0.0003,0.0003,% Line in the weird comb
454.500000,0,0.0,1,1,0.0003,0.0003,% Line in the weird comb
455.000000,0,0.0,1,1,0.0003,0.0003,% Line in the weird comb
457.400000,0,0.0,1,1,0.0003,0.0003,% Line in the weird comb
457.900000,0,0.0,1,1,0.0003,0.0003,% Line in the weird comb
459.800000,0,0.0,1,1,0.0003,0.0003,% Line in the weird comb
460.300000,0,0.0,1,1,0.0003,0.0003,% Line in the weird comb
460.800000,0,0.0,1,1,0.0003,0.0003,% Line in the weird comb
463.200000,0,0.0,1,1,0.0003,0.0003,% Line in the weird comb
466.100000,0,0.0,1,1,0.0003,0.0003,% Line in the weird comb
469.000000,0,0.0,1,1,0.0003,0.0003,% Line in the weird comb
471.400000,0,0.0,1,1,0.0003,0.0003,% Line in the weird comb
471.900000,0,0.0,1,1,0.0003,0.0003,% Line in the weird comb
472.400000,0,0.0,1,1,0.0003,0.0003,% Line in the weird comb
474.800000,0,0.0,1,1,0.0003,0.0003,% Line in the weird comb
477.200000,0,0.0,1,1,0.0003,0.0003,% Line in the weird comb
477.700000,0,0.0,1,1,0.0003,0.0003,% Line in the weird comb
485.400000,0,0.0,1,1,0.0003,0.0003,% Line in the weird comb
485.900000,0,0.0,1,1,0.0003,0.0003,% Line in the weird comb
486.400000,0,0.0,1,1,0.0003,0.0003,% Line in the weird comb
488.800000,0,0.0,1,1,0.0003,0.0003,% Line in the weird comb
491.700000,0,0.0,1,1,0.0003,0.0003,% Line in the weird comb
494.600000,0,0.0,1,1,0.0003,0.0003,% Line in the weird comb
497.000000,0,0.0,1,1,0.0003,0.0003,% Line in the weird comb
497.500000,0,0.0,1,1,0.0003,0.0003,% Line in the weird comb
500.400000,0,0.0,1,1,0.0003,0.0003,% Line in the weird comb
505.700000,0,0.0,1,1,0.0003,0.0003,% Line in the weird comb
512.000000,0,0.0,1,1,0.0003,0.0003,% Line in the weird comb
514.400000,0,0.0,1,1,0.0003,0.0003,% Line in the weird comb
517.300000,0,0.0,1,1,0.0003,0.0003,% Line in the weird comb
520.200000,0,0.0,1,1,0.0003,0.0003,% Line in the weird comb
520.700000,0,0.0,1,1,0.0003,0.0003,% Line in the weird comb
522.600000,0,0.0,1,1,0.0003,0.0003,% Line in the weird comb
523.100000,0,0.0,1,1,0.0003,0.0003,% Line in the weird comb
523.600000,0,0.0,1,1,0.0003,0.0003,% Line in the weird comb
525.500000,0,0.0,1,1,0.0003,0.0003,% Line in the weird comb
526.000000,0,0.0,1,1,0.0003,0.0003,% Line in the weird comb
526.500000,0,0.0,1,1,0.0003,0.0003,% Line in the weird comb
528.400000,0,0.0,1,1,0.0003,0.0003,% Line in the weird comb
531.300000,0,0.0,1,1,0.0003,0.0003,% Line in the weird comb
531.800000,0,0.0,1,1,0.0003,0.0003,% Line in the weird comb
533.700000,0,0.0,1,1,0.0003,0.0003,% Line in the weird comb
534.200000,0,0.0,1,1,0.0003,0.0003,% Line in the weird comb
537.100000,0,0.0,1,1,0.0003,0.0003,% Line in the weird comb
537.600000,0,0.0,1,1,0.0003,0.0003,% Line in the weird comb
540.000000,0,0.0,1,1,0.0003,0.0003,% Line in the weird comb
542.900000,0,0.0,1,1,0.0003,0.0003,% Line in the weird comb
545.300000,0,0.0,1,1,0.0003,0.0003,% Line in the weird comb
545.800000,0,0.0,1,1,0.0003,0.0003,% Line in the weird comb
548.200000,0,0.0,1,1,0.0003,0.0003,% Line in the weird comb
548.700000,0,0.0,1,1,0.0003,0.0003,% Line in the weird comb
551.100000,0,0.0,1,1,0.0003,0.0003,% Line in the weird comb
551.600000,0,0.0,1,1,0.0003,0.0003,% Line in the weird comb
553.500000,0,0.0,1,1,0.0003,0.0003,% Line in the weird comb
554.000000,0,0.0,1,1,0.0003,0.0003,% Line in the weird comb
554.500000,0,0.0,1,1,0.0003,0.0003,% Line in the weird comb
556.900000,0,0.0,1,1,0.0003,0.0003,% Line in the weird comb
559.800000,0,0.0,1,1,0.0003,0.0003,% Line in the weird comb
560.300000,0,0.0,1,1,0.0003,0.0003,% Line in the weird comb
562.700000,0,0.0,1,1,0.0003,0.0003,% Line in the weird comb
565.100000,0,0.0,1,1,0.0003,0.0003,% Line in the weird comb
565.600000,0,0.0,1,1,0.0003,0.0003,% Line in the weird comb
566.100000,0,0.0,1,1,0.0003,0.0003,% Line in the weird comb
568.000000,0,0.0,1,1,0.0003,0.0003,% Line in the weird comb
568.500000,0,0.0,1,1,0.0003,0.0003,% Line in the weird comb
570.400000,0,0.0,1,1,0.0003,0.0003,% Line in the weird comb
570.900000,0,0.0,1,1,0.0003,0.0003,% Line in the weird comb
571.400000,0,0.0,1,1,0.0003,0.0003,% Line in the weird comb
573.800000,0,0.0,1,1,0.0003,0.0003,% Line in the weird comb
574.300000,0,0.0,1,1,0.0003,0.0003,% Line in the weird comb
576.200000,0,0.0,1,1,0.0003,0.0003,% Line in the weird comb
576.700000,0,0.0,1,1,0.0003,0.0003,% Line in the weird comb
577.200000,0,0.0,1,1,0.0003,0.0003,% Line in the weird comb
579.600000,0,0.0,1,1,0.0003,0.0003,% Line in the weird comb
582.000000,0,0.0,1,1,0.0003,0.0003,% Line in the weird comb
582.500000,0,0.0,1,1,0.0003,0.0003,% Line in the weird comb
583.000000,0,0.0,1,1,0.0003,0.0003,% Line in the weird comb
585.400000,0,0.0,1,1,0.0003,0.0003,% Line in the weird comb
585.900000,0,0.0,1,1,0.0003,0.0003,% Line in the weird comb
587.800000,0,0.0,1,1,0.0003,0.0003,% Line in the weird comb
588.300000,0,0.0,1,1,0.0003,0.0003,% Line in the weird comb
588.800000,0,0.0,1,1,0.0003,0.0003,% Line in the weird comb
591.200000,0,0.0,1,1,0.0003,0.0003,% Line in the weird comb
594.100000,0,0.0,1,1,0.0003,0.0003,% Line in the weird comb
597.000000,0,0.0,1,1,0.0003,0.0003,% Line in the weird comb
599.900000,0,0.0,1,1,0.0003,0.0003,% Line in the weird comb
601.800000,0,0.0,1,1,0.0003,0.0003,% Line in the weird comb
602.300000,0,0.0,1,1,0.0003,0.0003,% Line in the weird comb
602.800000,0,0.0,1,1,0.0003,0.0003,% Line in the weird comb
604.700000,0,0.0,1,1,0.0003,0.0003,% Line in the weird comb
605.200000,0,0.0,1,1,0.0003,0.0003,% Line in the weird comb
608.100000,0,0.0,1,1,0.0003,0.0003,% Line in the weird comb
608.600000,0,0.0,1,1,0.0003,0.0003,% Line in the weird comb
611.000000,0,0.0,1,1,0.0003,0.0003,% Line in the weird comb
613.400000,0,0.0,1,1,0.0003,0.0003,% Line in the weird comb
613.900000,0,0.0,1,1,0.0003,0.0003,% Line in the weird comb
616.300000,0,0.0,1,1,0.0003,0.0003,% Line in the weird comb
616.800000,0,0.0,1,1,0.0003,0.0003,% Line in the weird comb
619.700000,0,0.0,1,1,0.0003,0.0003,% Line in the weird comb
622.100000,0,0.0,1,1,0.0003,0.0003,% Line in the weird comb
622.600000,0,0.0,1,1,0.0003,0.0003,% Line in the weird comb
625.000000,0,0.0,1,1,0.0003,0.0003,% Line in the weird comb
625.500000,0,0.0,1,1,0.0003,0.0003,% Line in the weird comb
626.000000,0,0.0,1,1,0.0003,0.0003,% Line in the weird comb
627.900000,0,0.0,1,1,0.0003,0.0003,% Line in the weird comb
630.800000,0,0.0,1,1,0.0003,0.0003,% Line in the weird comb
633.700000,0,0.0,1,1,0.0003,0.0003,% Line in the weird comb
636.600000,0,0.0,1,1,0.0003,0.0003,% Line in the weird comb
639.500000,0,0.0,1,1,0.0003,0.0003,% Line in the weird comb
641.900000,0,0.0,1,1,0.0003,0.0003,% Line in the weird comb
642.400000,0,0.0,1,1,0.0003,0.0003,% Line in the weird comb
645.300000,0,0.0,1,1,0.0003,0.0003,% Line in the weird comb
645.800000,0,0.0,1,1,0.0003,0.0003,% Line in the weird comb
650.600000,0,0.0,1,1,0.0003,0.0003,% Line in the weird comb
651.100000,0,0.0,1,1,0.0003,0.0003,% Line in the weird comb
655.900000,0,0.0,1,1,0.0003,0.0003,% Line in the weird comb
656.400000,0,0.0,1,1,0.0003,0.0003,% Line in the weird comb
656.900000,0,0.0,1,1,0.0003,0.0003,% Line in the weird comb
659.300000,0,0.0,1,1,0.0003,0.0003,% Line in the weird comb
659.800000,0,0.0,1,1,0.0003,0.0003,% Line in the weird comb
662.200000,0,0.0,1,1,0.0003,0.0003,% Line in the weird comb
664.600000,0,0.0,1,1,0.0003,0.0003,% Line in the weird comb
665.100000,0,0.0,1,1,0.0003,0.0003,% Line in the weird comb
667.000000,0,0.0,1,1,0.0003,0.0003,% Line in the weird comb
668.000000,0,0.0,1,1,0.0003,0.0003,% Line in the weird comb
670.400000,0,0.0,1,1,0.0003,0.0003,% Line in the weird comb
670.900000,0,0.0,1,1,0.0003,0.0003,% Line in the weird comb
673.300000,0,0.0,1,1,0.0003,0.0003,% Line in the weird comb
676.200000,0,0.0,1,1,0.0003,0.0003,% Line in the weird comb
682.000000,0,0.0,1,1,0.0003,0.0003,% Line in the weird comb
684.900000,0,0.0,1,1,0.0003,0.0003,% Line in the weird comb
685.400000,0,0.0,1,1,0.0003,0.0003,% Line in the weird comb
687.800000,0,0.0,1,1,0.0003,0.0003,% Line in the weird comb
689.200000,0,0.0,1,1,0.0003,0.0003,% Line in the weird comb
689.700000,0,0.0,1,1,0.0003,0.0003,% Line in the weird comb
690.700000,0,0.0,1,1,0.0003,0.0003,% Line in the weird comb
693.100000,0,0.0,1,1,0.0003,0.0003,% Line in the weird comb
693.600000,0,0.0,1,1,0.0003,0.0003,% Line in the weird comb
696.000000,0,0.0,1,1,0.0003,0.0003,% Line in the weird comb
696.500000,0,0.0,1,1,0.0003,0.0003,% Line in the weird comb
701.300000,0,0.0,1,1,0.0003,0.0003,% Line in the weird comb
701.800000,0,0.0,1,1,0.0003,0.0003,% Line in the weird comb
702.300000,0,0.0,1,1,0.0003,0.0003,% Line in the weird comb
704.700000,0,0.0,1,1,0.0003,0.0003,% Line in the weird comb
705.200000,0,0.0,1,1,0.0003,0.0003,% Line in the weird comb
707.600000,0,0.0,1,1,0.0003,0.0003,% Line in the weird comb
708.100000,0,0.0,1,1,0.0003,0.0003,% Line in the weird comb
710.500000,0,0.0,1,1,0.0003,0.0003,% Line in the weird comb
713.400000,0,0.0,1,1,0.0003,0.0003,% Line in the weird comb
713.900000,0,0.0,1,1,0.0003,0.0003,% Line in the weird comb
716.300000,0,0.0,1,1,0.0003,0.0003,% Line in the weird comb
718.700000,0,0.0,1,1,0.0003,0.0003,% Line in the weird comb
719.200000,0,0.0,1,1,0.0003,0.0003,% Line in the weird comb
721.600000,0,0.0,1,1,0.0003,0.0003,% Line in the weird comb
722.100000,0,0.0,1,1,0.0003,0.0003,% Line in the weird comb
724.500000,0,0.0,1,1,0.0003,0.0003,% Line in the weird comb
727.400000,0,0.0,1,1,0.0003,0.0003,% Line in the weird comb
729.800000,0,0.0,1,1,0.0003,0.0003,% Line in the weird comb
730.300000,0,0.0,1,1,0.0003,0.0003,% Line in the weird comb
733.200000,0,0.0,1,1,0.0003,0.0003,% Line in the weird comb
733.700000,0,0.0,1,1,0.0003,0.0003,% Line in the weird comb
736.100000,0,0.0,1,1,0.0003,0.0003,% Line in the weird comb
738.500000,0,0.0,1,1,0.0003,0.0003,% Line in the weird comb
739.000000,0,0.0,1,1,0.0003,0.0003,% Line in the weird comb
739.500000,0,0.0,1,1,0.0003,0.0003,% Line in the weird comb
741.400000,0,0.0,1,1,0.0003,0.0003,% Line in the weird comb
741.900000,0,0.0,1,1,0.0003,0.0003,% Line in the weird comb
742.400000,0,0.0,1,1,0.0003,0.0003,% Line in the weird comb
744.300000,0,0.0,1,1,0.0003,0.0003,% Line in the weird comb
744.800000,0,0.0,1,1,0.0003,0.0003,% Line in the weird comb
745.300000,0,0.0,1,1,0.0003,0.0003,% Line in the weird comb
747.200000,0,0.0,1,1,0.0003,0.0003,% Line in the weird comb
747.700000,0,0.0,1,1,0.0003,0.0003,% Line in the weird comb
748.200000,0,0.0,1,1,0.0003,0.0003,% Line in the weird comb
750.100000,0,0.0,1,1,0.0003,0.0003,% Line in the weird comb
750.600000,0,0.0,1,1,0.0003,0.0003,% Line in the weird comb
753.000000,0,0.0,1,1,0.0003,0.0003,% Line in the weird comb
755.900000,0,0.0,1,1,0.0003,0.0003,% Line in the weird comb
756.400000,0,0.0,1,1,0.0003,0.0003,% Line in the weird comb
758.300000,0,0.0,1,1,0.0003,0.0003,% Line in the weird comb
758.800000,0,0.0,1,1,0.0003,0.0003,% Line in the weird comb
761.700000,0,0.0,1,1,0.0003,0.0003,% Line in the weird comb
762.200000,0,0.0,1,1,0.0003,0.0003,% Line in the weird comb
764.600000,0,0.0,1,1,0.0003,0.0003,% Line in the weird comb
766.500000,0,0.0,1,1,0.0003,0.0003,% Line in the weird comb
767.000000,0,0.0,1,1,0.0003,0.0003,% Line in the weird comb
767.500000,0,0.0,1,1,0.0003,0.0003,% Line in the weird comb
769.900000,0,0.0,1,1,0.0003,0.0003,% Line in the weird comb
772.800000,0,0.0,1,1,0.0003,0.0003,% Line in the weird comb
773.300000,0,0.0,1,1,0.0003,0.0003,% Line in the weird comb
775.700000,0,0.0,1,1,0.0003,0.0003,% Line in the weird comb
776.200000,0,0.0,1,1,0.0003,0.0003,% Line in the weird comb
778.100000,0,0.0,1,1,0.0003,0.0003,% Line in the weird comb
778.600000,0,0.0,1,1,0.0003,0.0003,% Line in the weird comb
781.500000,0,0.0,1,1,0.0003,0.0003,% Line in the weird comb
784.400000,0,0.0,1,1,0.0003,0.0003,% Line in the weird comb
787.300000,0,0.0,1,1,0.0003,0.0003,% Line in the weird comb
790.200000,0,0.0,1,1,0.0003,0.0003,% Line in the weird comb
795.000000,0,0.0,1,1,0.0003,0.0003,% Line in the weird comb
795.500000,0,0.0,1,1,0.0003,0.0003,% Line in the weird comb
796.000000,0,0.0,1,1,0.0003,0.0003,% Line in the weird comb
798.400000,0,0.0,1,1,0.0003,0.0003,% Line in the weird comb
798.900000,0,0.0,1,1,0.0003,0.0003,% Line in the weird comb
799.400000,0,0.0,1,1,0.0003,0.0003,% Line in the weird comb
801.300000,0,0.0,1,1,0.0003,0.0003,% Line in the weird comb
801.800000,0,0.0,1,1,0.0003,0.0003,% Line in the weird comb
804.200000,0,0.0,1,1,0.0003,0.0003,% Line in the weird comb
807.100000,0,0.0,1,1,0.0003,0.0003,% Line in the weird comb
809.500000,0,0.0,1,1,0.0003,0.0003,% Line in the weird comb
810.000000,0,0.0,1,1,0.0003,0.0003,% Line in the weird comb
812.900000,0,0.0,1,1,0.0003,0.0003,% Line in the weird comb
815.300000,0,0.0,1,1,0.0003,0.0003,% Line in the weird comb
818.200000,0,0.0,1,1,0.0003,0.0003,% Line in the weird comb
818.700000,0,0.0,1,1,0.0003,0.0003,% Line in the weird comb
821.100000,0,0.0,1,1,0.0003,0.0003,% Line in the weird comb
821.600000,0,0.0,1,1,0.0003,0.0003,% Line in the weird comb
824.000000,0,0.0,1,1,0.0003,0.0003,% Line in the weird comb
824.500000,0,0.0,1,1,0.0003,0.0003,% Line in the weird comb
826.900000,0,0.0,1,1,0.0003,0.0003,% Line in the weird comb
827.400000,0,0.0,1,1,0.0003,0.0003,% Line in the weird comb
829.300000,0,0.0,1,1,0.0003,0.0003,% Line in the weird comb
829.800000,0,0.0,1,1,0.0003,0.0003,% Line in the weird comb
832.700000,0,0.0,1,1,0.0003,0.0003,% Line in the weird comb
835.600000,0,0.0,1,1,0.0003,0.0003,% Line in the weird comb
837.500000,0,0.0,1,1,0.0003,0.0003,% Line in the weird comb
838.000000,0,0.0,1,1,0.0003,0.0003,% Line in the weird comb
838.500000,0,0.0,1,1,0.0003,0.0003,% Line in the weird comb
839.000000,0,0.0,1,1,0.0003,0.0003,% Line in the weird comb
840.900000,0,0.0,1,1,0.0003,0.0003,% Line in the weird comb
841.400000,0,0.0,1,1,0.0003,0.0003,% Line in the weird comb
841.900000,0,0.0,1,1,0.0003,0.0003,% Line in the weird comb
843.800000,0,0.0,1,1,0.0003,0.0003,% Line in the weird comb
845.200000,0,0.0,1,1,0.0003,0.0003,% Line in the weird comb
847.200000,0,0.0,1,1,0.0003,0.0003,% Line in the weird comb
849.600000,0,0.0,1,1,0.0003,0.0003,% Line in the weird comb
850.100000,0,0.0,1,1,0.0003,0.0003,% Line in the weird comb
852.500000,0,0.0,1,1,0.0003,0.0003,% Line in the weird comb
855.400000,0,0.0,1,1,0.0003,0.0003,% Line in the weird comb
857.800000,0,0.0,1,1,0.0003,0.0003,% Line in the weird comb
858.300000,0,0.0,1,1,0.0003,0.0003,% Line in the weird comb
858.800000,0,0.0,1,1,0.0003,0.0003,% Line in the weird comb
860.700000,0,0.0,1,1,0.0003,0.0003,% Line in the weird comb
861.200000,0,0.0,1,1,0.0003,0.0003,% Line in the weird comb
863.600000,0,0.0,1,1,0.0003,0.0003,% Line in the weird comb
864.100000,0,0.0,1,1,0.0003,0.0003,% Line in the weird comb
866.500000,0,0.0,1,1,0.0003,0.0003,% Line in the weird comb
867.000000,0,0.0,1,1,0.0003,0.0003,% Line in the weird comb
867.500000,0,0.0,1,1,0.0003,0.0003,% Line in the weird comb
869.400000,0,0.0,1,1,0.0003,0.0003,% Line in the weird comb
869.900000,0,0.0,1,1,0.0003,0.0003,% Line in the weird comb
872.300000,0,0.0,1,1,0.0003,0.0003,% Line in the weird comb
872.800000,0,0.0,1,1,0.0003,0.0003,% Line in the weird comb
875.200000,0,0.0,1,1,0.0003,0.0003,% Line in the weird comb
875.700000,0,0.0,1,1,0.0003,0.0003,% Line in the weird comb
876.200000,0,0.0,1,1,0.0003,0.0003,% Line in the weird comb
878.100000,0,0.0,1,1,0.0003,0.0003,% Line in the weird comb
878.600000,0,0.0,1,1,0.0003,0.0003,% Line in the weird comb
879.100000,0,0.0,1,1,0.0003,0.0003,% Line in the weird comb
881.000000,0,0.0,1,1,0.0003,0.0003,% Line in the weird comb
883.900000,0,0.0,1,1,0.0003,0.0003,% Line in the weird comb
886.300000,0,0.0,1,1,0.0003,0.0003,% Line in the weird comb
886.800000,0,0.0,1,1,0.0003,0.0003,% Line in the weird comb
887.300000,0,0.0,1,1,0.0003,0.0003,% Line in the weird comb
892.100000,0,0.0,1,1,0.0003,0.0003,% Line in the weird comb
892.600000,0,0.0,1,1,0.0003,0.0003,% Line in the weird comb
896.000000,0,0.0,1,1,0.0003,0.0003,% Line in the weird comb
897.900000,0,0.0,1,1,0.0003,0.0003,% Line in the weird comb
898.400000,0,0.0,1,1,0.0003,0.0003,% Line in the weird comb
900.800000,0,0.0,1,1,0.0003,0.0003,% Line in the weird comb
901.300000,0,0.0,1,1,0.0003,0.0003,% Line in the weird comb
903.700000,0,0.0,1,1,0.0003,0.0003,% Line in the weird comb
906.600000,0,0.0,1,1,0.0003,0.0003,% Line in the weird comb
909.500000,0,0.0,1,1,0.0003,0.0003,% Line in the weird comb
911.900000,0,0.0,1,1,0.0003,0.0003,% Line in the weird comb
912.400000,0,0.0,1,1,0.0003,0.0003,% Line in the weird comb
912.900000,0,0.0,1,1,0.0003,0.0003,% Line in the weird comb
914.800000,0,0.0,1,1,0.0003,0.0003,% Line in the weird comb
915.300000,0,0.0,1,1,0.0003,0.0003,% Line in the weird comb
915.800000,0,0.0,1,1,0.0003,0.0003,% Line in the weird comb
917.700000,0,0.0,1,1,0.0003,0.0003,% Line in the weird comb
920.600000,0,0.0,1,1,0.0003,0.0003,% Line in the weird comb
921.100000,0,0.0,1,1,0.0003,0.0003,% Line in the weird comb
921.600000,0,0.0,1,1,0.0003,0.0003,% Line in the weird comb
923.500000,0,0.0,1,1,0.0003,0.0003,% Line in the weird comb
926.400000,0,0.0,1,1,0.0003,0.0003,% Line in the weird comb
926.900000,0,0.0,1,1,0.0003,0.0003,% Line in the weird comb
929.300000,0,0.0,1,1,0.0003,0.0003,% Line in the weird comb
931.700000,0,0.0,1,1,0.0003,0.0003,% Line in the weird comb
932.200000,0,0.0,1,1,0.0003,0.0003,% Line in the weird comb
934.600000,0,0.0,1,1,0.0003,0.0003,% Line in the weird comb
935.100000,0,0.0,1,1,0.0003,0.0003,% Line in the weird comb
935.600000,0,0.0,1,1,0.0003,0.0003,% Line in the weird comb
937.500000,0,0.0,1,1,0.0003,0.0003,% Line in the weird comb
938.000000,0,0.0,1,1,0.0003,0.0003,% Line in the weird comb
938.500000,0,0.0,1,1,0.0003,0.0003,% Line in the weird comb
939.900000,0,0.0,1,1,0.0003,0.0003,% Line in the weird comb
940.400000,0,0.0,1,1,0.0003,0.0003,% Line in the weird comb
940.900000,0,0.0,1,1,0.0003,0.0003,% Line in the weird comb
943.300000,0,0.0,1,1,0.0003,0.0003,% Line in the weird comb
943.800000,0,0.0,1,1,0.0003,0.0003,% Line in the weird comb
946.200000,0,0.0,1,1,0.0003,0.0003,% Line in the weird comb
949.100000,0,0.0,1,1,0.0003,0.0003,% Line in the weird comb
949.600000,0,0.0,1,1,0.0003,0.0003,% Line in the weird comb
952.000000,0,0.0,1,1,0.0003,0.0003,% Line in the weird comb
954.900000,0,0.0,1,1,0.0003,0.0003,% Line in the weird comb
955.400000,0,0.0,1,1,0.0003,0.0003,% Line in the weird comb
957.300000,0,0.0,1,1,0.0003,0.0003,% Line in the weird comb
957.800000,0,0.0,1,1,0.0003,0.0003,% Line in the weird comb
960.700000,0,0.0,1,1,0.0003,0.0003,% Line in the weird comb
963.100000,0,0.0,1,1,0.0003,0.0003,% Line in the weird comb
963.600000,0,0.0,1,1,0.0003,0.0003,% Line in the weird comb
968.900000,0,0.0,1,1,0.0003,0.0003,% Line in the weird comb
971.800000,0,0.0,1,1,0.0003,0.0003,% Line in the weird comb
974.700000,0,0.0,1,1,0.0003,0.0003,% Line in the weird comb
977.600000,0,0.0,1,1,0.0003,0.0003,% Line in the weird comb
978.100000,0,0.0,1,1,0.0003,0.0003,% Line in the weird comb
980.500000,0,0.0,1,1,0.0003,0.0003,% Line in the weird comb
983.400000,0,0.0,1,1,0.0003,0.0003,% Line in the weird comb
986.300000,0,0.0,1,1,0.0003,0.0003,% Line in the weird comb
986.800000,0,0.0,1,1,0.0003,0.0003,% Line in the weird comb
989.200000,0,0.0,1,1,0.0003,0.0003,% Line in the weird comb
994.500000,0,0.0,1,1,0.0003,0.0003,% Line in the weird comb
995.000000,0,0.0,1,1,0.0003,0.0003,% Line in the weird comb
997.400000,0,0.0,1,1,0.0003,0.0003,% Line in the weird comb
997.900000,0,0.0,1,1,0.0003,0.0003,% Line in the weird comb
1000.300000,0,0.0,1,1,0.0003,0.0003,% Line in the weird comb
1002.700000,0,0.0,1,1,0.0003,0.0003,% Line in the weird comb
1003.200000,0,0.0,1,1,0.0003,0.0003,% Line in the weird comb
1003.700000,0,0.0,1,1,0.0003,0.0003,% Line in the weird comb
1005.600000,0,0.0,1,1,0.0003,0.0003,% Line in the weird comb
1006.100000,0,0.0,1,1,0.0003,0.0003,% Line in the weird comb
1006.600000,0,0.0,1,1,0.0003,0.0003,% Line in the weird comb
1009.000000,0,0.0,1,1,0.0003,0.0003,% Line in the weird comb
1011.900000,0,0.0,1,1,0.0003,0.0003,% Line in the weird comb
1014.800000,0,0.0,1,1,0.0003,0.0003,% Line in the weird comb
1020.100000,0,0.0,1,1,0.0003,0.0003,% Line in the weird comb
1023.000000,0,0.0,1,1,0.0003,0.0003,% Line in the weird comb
1025.400000,0,0.0,1,1,0.0003,0.0003,% Line in the weird comb
1025.900000,0,0.0,1,1,0.0003,0.0003,% Line in the weird comb
1026.400000,0,0.0,1,1,0.0003,0.0003,% Line in the weird comb
1028.800000,0,0.0,1,1,0.0003,0.0003,% Line in the weird comb
1031.700000,0,0.0,1,1,0.0003,0.0003,% Line in the weird comb
1032.200000,0,0.0,1,1,0.0003,0.0003,% Line in the weird comb
1034.100000,0,0.0,1,1,0.0003,0.0003,% Line in the weird comb
1034.600000,0,0.0,1,1,0.0003,0.0003,% Line in the weird comb
1036.000000,0,0.0,1,1,0.0003,0.0003,% Line in the weird comb
1037.000000,0,0.0,1,1,0.0003,0.0003,% Line in the weird comb
1037.500000,0,0.0,1,1,0.0003,0.0003,% Line in the weird comb
1038.000000,0,0.0,1,1,0.0003,0.0003,% Line in the weird comb
1039.400000,0,0.0,1,1,0.0003,0.0003,% Line in the weird comb
1040.400000,0,0.0,1,1,0.0003,0.0003,% Line in the weird comb
1045.700000,0,0.0,1,1,0.0003,0.0003,% Line in the weird comb
1048.600000,0,0.0,1,1,0.0003,0.0003,% Line in the weird comb
1051.500000,0,0.0,1,1,0.0003,0.0003,% Line in the weird comb
1054.400000,0,0.0,1,1,0.0003,0.0003,% Line in the weird comb
1057.300000,0,0.0,1,1,0.0003,0.0003,% Line in the weird comb
1063.100000,0,0.0,1,1,0.0003,0.0003,% Line in the weird comb
1065.500000,0,0.0,1,1,0.0003,0.0003,% Line in the weird comb
1066.000000,0,0.0,1,1,0.0003,0.0003,% Line in the weird comb
1066.500000,0,0.0,1,1,0.0003,0.0003,% Line in the weird comb
1068.400000,0,0.0,1,1,0.0003,0.0003,% Line in the weird comb
1068.900000,0,0.0,1,1,0.0003,0.0003,% Line in the weird comb
1070.800000,0,0.0,1,1,0.0003,0.0003,% Line in the weird comb
1071.300000,0,0.0,1,1,0.0003,0.0003,% Line in the weird comb
1073.700000,0,0.0,1,1,0.0003,0.0003,% Line in the weird comb
1074.200000,0,0.0,1,1,0.0003,0.0003,% Line in the weird comb
1077.100000,0,0.0,1,1,0.0003,0.0003,% Line in the weird comb
1080.000000,0,0.0,1,1,0.0003,0.0003,% Line in the weird comb
1082.900000,0,0.0,1,1,0.0003,0.0003,% Line in the weird comb
1085.300000,0,0.0,1,1,0.0003,0.0003,% Line in the weird comb
1085.800000,0,0.0,1,1,0.0003,0.0003,% Line in the weird comb
1088.200000,0,0.0,1,1,0.0003,0.0003,% Line in the weird comb
1088.700000,0,0.0,1,1,0.0003,0.0003,% Line in the weird comb
1094.000000,0,0.0,1,1,0.0003,0.0003,% Line in the weird comb
1096.900000,0,0.0,1,1,0.0003,0.0003,% Line in the weird comb
1099.800000,0,0.0,1,1,0.0003,0.0003,% Line in the weird comb
1102.700000,0,0.0,1,1,0.0003,0.0003,% Line in the weird comb
1103.200000,0,0.0,1,1,0.0003,0.0003,% Line in the weird comb
1105.100000,0,0.0,1,1,0.0003,0.0003,% Line in the weird comb
1105.600000,0,0.0,1,1,0.0003,0.0003,% Line in the weird comb
1108.000000,0,0.0,1,1,0.0003,0.0003,% Line in the weird comb
1108.500000,0,0.0,1,1,0.0003,0.0003,% Line in the weird comb
1110.900000,0,0.0,1,1,0.0003,0.0003,% Line in the weird comb
1113.800000,0,0.0,1,1,0.0003,0.0003,% Line in the weird comb
1114.300000,0,0.0,1,1,0.0003,0.0003,% Line in the weird comb
1116.700000,0,0.0,1,1,0.0003,0.0003,% Line in the weird comb
1119.600000,0,0.0,1,1,0.0003,0.0003,% Line in the weird comb
1120.100000,0,0.0,1,1,0.0003,0.0003,% Line in the weird comb
1122.000000,0,0.0,1,1,0.0003,0.0003,% Line in the weird comb
1122.500000,0,0.0,1,1,0.0003,0.0003,% Line in the weird comb
1123.000000,0,0.0,1,1,0.0003,0.0003,% Line in the weird comb
1124.900000,0,0.0,1,1,0.0003,0.0003,% Line in the weird comb
1125.400000,0,0.0,1,1,0.0003,0.0003,% Line in the weird comb
1125.900000,0,0.0,1,1,0.0003,0.0003,% Line in the weird comb
1128.300000,0,0.0,1,1,0.0003,0.0003,% Line in the weird comb
1130.700000,0,0.0,1,1,0.0003,0.0003,% Line in the weird comb
1131.200000,0,0.0,1,1,0.0003,0.0003,% Line in the weird comb
1134.100000,0,0.0,1,1,0.0003,0.0003,% Line in the weird comb
1137.000000,0,0.0,1,1,0.0003,0.0003,% Line in the weird comb
1138.900000,0,0.0,1,1,0.0003,0.0003,% Line in the weird comb
1139.400000,0,0.0,1,1,0.0003,0.0003,% Line in the weird comb
1139.900000,0,0.0,1,1,0.0003,0.0003,% Line in the weird comb
1145.200000,0,0.0,1,1,0.0003,0.0003,% Line in the weird comb
1148.100000,0,0.0,1,1,0.0003,0.0003,% Line in the weird comb
1148.600000,0,0.0,1,1,0.0003,0.0003,% Line in the weird comb
1151.000000,0,0.0,1,1,0.0003,0.0003,% Line in the weird comb
1153.400000,0,0.0,1,1,0.0003,0.0003,% Line in the weird comb
1153.900000,0,0.0,1,1,0.0003,0.0003,% Line in the weird comb
1156.800000,0,0.0,1,1,0.0003,0.0003,% Line in the weird comb
1159.700000,0,0.0,1,1,0.0003,0.0003,% Line in the weird comb
1160.200000,0,0.0,1,1,0.0003,0.0003,% Line in the weird comb
1162.100000,0,0.0,1,1,0.0003,0.0003,% Line in the weird comb
1162.600000,0,0.0,1,1,0.0003,0.0003,% Line in the weird comb
1165.000000,0,0.0,1,1,0.0003,0.0003,% Line in the weird comb
1167.900000,0,0.0,1,1,0.0003,0.0003,% Line in the weird comb
1168.400000,0,0.0,1,1,0.0003,0.0003,% Line in the weird comb
1165.500000,0,0.0,1,1,0.0003,0.0003,% Line in the weird comb
1170.800000,0,0.0,1,1,0.0003,0.0003,% Line in the weird comb
1171.300000,0,0.0,1,1,0.0003,0.0003,% Line in the weird comb
1173.700000,0,0.0,1,1,0.0003,0.0003,% Line in the weird comb
1174.200000,0,0.0,1,1,0.0003,0.0003,% Line in the weird comb
1176.600000,0,0.0,1,1,0.0003,0.0003,% Line in the weird comb
1179.500000,0,0.0,1,1,0.0003,0.0003,% Line in the weird comb
1181.900000,0,0.0,1,1,0.0003,0.0003,% Line in the weird comb
1185.300000,0,0.0,1,1,0.0003,0.0003,% Line in the weird comb
1187.700000,0,0.0,1,1,0.0003,0.0003,% Line in the weird comb
1188.200000,0,0.0,1,1,0.0003,0.0003,% Line in the weird comb
1190.600000,0,0.0,1,1,0.0003,0.0003,% Line in the weird comb
1191.100000,0,0.0,1,1,0.0003,0.0003,% Line in the weird comb
1194.000000,0,0.0,1,1,0.0003,0.0003,% Line in the weird comb
1196.400000,0,0.0,1,1,0.0003,0.0003,% Line in the weird comb
1196.900000,0,0.0,1,1,0.0003,0.0003,% Line in the weird comb
1199.300000,0,0.0,1,1,0.0003,0.0003,% Line in the weird comb
1202.200000,0,0.0,1,1,0.0003,0.0003,% Line in the weird comb
1204.100000,0,0.0,1,1,0.0003,0.0003,% Line in the weird comb
1205.100000,0,0.0,1,1,0.0003,0.0003,% Line in the weird comb
1210.900000,0,0.0,1,1,0.0003,0.0003,% Line in the weird comb
1211.400000,0,0.0,1,1,0.0003,0.0003,% Line in the weird comb
1213.300000,0,0.0,1,1,0.0003,0.0003,% Line in the weird comb
1213.800000,0,0.0,1,1,0.0003,0.0003,% Line in the weird comb
1216.200000,0,0.0,1,1,0.0003,0.0003,% Line in the weird comb
1218.100000,0,0.0,1,1,0.0003,0.0003,% Line in the weird comb
1219.600000,0,0.0,1,1,0.0003,0.0003,% Line in the weird comb
1222.000000,0,0.0,1,1,0.0003,0.0003,% Line in the weird comb
1224.900000,0,0.0,1,1,0.0003,0.0003,% Line in the weird comb
1227.300000,0,0.0,1,1,0.0003,0.0003,% Line in the weird comb
1227.800000,0,0.0,1,1,0.0003,0.0003,% Line in the weird comb
1228.300000,0,0.0,1,1,0.0003,0.0003,% Line in the weird comb
1230.200000,0,0.0,1,1,0.0003,0.0003,% Line in the weird comb
1230.700000,0,0.0,1,1,0.0003,0.0003,% Line in the weird comb
1233.600000,0,0.0,1,1,0.0003,0.0003,% Line in the weird comb
1238.400000,0,0.0,1,1,0.0003,0.0003,% Line in the weird comb
1238.900000,0,0.0,1,1,0.0003,0.0003,% Line in the weird comb
1239.400000,0,0.0,1,1,0.0003,0.0003,% Line in the weird comb
1241.800000,0,0.0,1,1,0.0003,0.0003,% Line in the weird comb
1244.700000,0,0.0,1,1,0.0003,0.0003,% Line in the weird comb
1245.200000,0,0.0,1,1,0.0003,0.0003,% Line in the weird comb
1247.100000,0,0.0,1,1,0.0003,0.0003,% Line in the weird comb
1247.600000,0,0.0,1,1,0.0003,0.0003,% Line in the weird comb
1250.500000,0,0.0,1,1,0.0003,0.0003,% Line in the weird comb
1252.900000,0,0.0,1,1,0.0003,0.0003,% Line in the weird comb
1253.400000,0,0.0,1,1,0.0003,0.0003,% Line in the weird comb
1255.800000,0,0.0,1,1,0.0003,0.0003,% Line in the weird comb
1256.300000,0,0.0,1,1,0.0003,0.0003,% Line in the weird comb
1261.600000,0,0.0,1,1,0.0003,0.0003,% Line in the weird comb
1262.100000,0,0.0,1,1,0.0003,0.0003,% Line in the weird comb
1264.500000,0,0.0,1,1,0.0003,0.0003,% Line in the weird comb
1267.400000,0,0.0,1,1,0.0003,0.0003,% Line in the weird comb
1267.900000,0,0.0,1,1,0.0003,0.0003,% Line in the weird comb
1270.300000,0,0.0,1,1,0.0003,0.0003,% Line in the weird comb
1270.800000,0,0.0,1,1,0.0003,0.0003,% Line in the weird comb
1271.300000,0,0.0,1,1,0.0003,0.0003,% Line in the weird comb
1273.200000,0,0.0,1,1,0.0003,0.0003,% Line in the weird comb
1276.100000,0,0.0,1,1,0.0003,0.0003,% Line in the weird comb
1276.600000,0,0.0,1,1,0.0003,0.0003,% Line in the weird comb
1278.000000,0,0.0,1,1,0.0003,0.0003,% Line in the weird comb
1278.500000,0,0.0,1,1,0.0003,0.0003,% Line in the weird comb
1279.000000,0,0.0,1,1,0.0003,0.0003,% Line in the weird comb
1279.500000,0,0.0,1,1,0.0003,0.0003,% Line in the weird comb
1281.400000,0,0.0,1,1,0.0003,0.0003,% Line in the weird comb
1281.900000,0,0.0,1,1,0.0003,0.0003,% Line in the weird comb
1284.300000,0,0.0,1,1,0.0003,0.0003,% Line in the weird comb
1284.800000,0,0.0,1,1,0.0003,0.0003,% Line in the weird comb
1287.700000,0,0.0,1,1,0.0003,0.0003,% Line in the weird comb
1290.600000,0,0.0,1,1,0.0003,0.0003,% Line in the weird comb
1289.600000,0,0.0,1,1,0.0003,0.0003,% Line in the weird comb
1290.100000,0,0.0,1,1,0.0003,0.0003,% Line in the weird comb
1295.400000,0,0.0,1,1,0.0003,0.0003,% Line in the weird comb
1295.900000,0,0.0,1,1,0.0003,0.0003,% Line in the weird comb
1298.800000,0,0.0,1,1,0.0003,0.0003,% Line in the weird comb
1299.300000,0,0.0,1,1,0.0003,0.0003,% Line in the weird comb
1301.200000,0,0.0,1,1,0.0003,0.0003,% Line in the weird comb
1301.700000,0,0.0,1,1,0.0003,0.0003,% Line in the weird comb
1304.600000,0,0.0,1,1,0.0003,0.0003,% Line in the weird comb
1307.000000,0,0.0,1,1,0.0003,0.0003,% Line in the weird comb
1307.500000,0,0.0,1,1,0.0003,0.0003,% Line in the weird comb
1309.900000,0,0.0,1,1,0.0003,0.0003,% Line in the weird comb
1310.400000,0,0.0,1,1,0.0003,0.0003,% Line in the weird comb
1310.900000,0,0.0,1,1,0.0003,0.0003,% Line in the weird comb
1312.800000,0,0.0,1,1,0.0003,0.0003,% Line in the weird comb
1315.700000,0,0.0,1,1,0.0003,0.0003,% Line in the weird comb
1316.200000,0,0.0,1,1,0.0003,0.0003,% Line in the weird comb
1318.100000,0,0.0,1,1,0.0003,0.0003,% Line in the weird comb
1318.600000,0,0.0,1,1,0.0003,0.0003,% Line in the weird comb
1319.100000,0,0.0,1,1,0.0003,0.0003,% Line in the weird comb
1321.500000,0,0.0,1,1,0.0003,0.0003,% Line in the weird comb
1323.400000,0,0.0,1,1,0.0003,0.0003,% Line in the weird comb
1324.400000,0,0.0,1,1,0.0003,0.0003,% Line in the weird comb
1327.300000,0,0.0,1,1,0.0003,0.0003,% Line in the weird comb
1330.200000,0,0.0,1,1,0.0003,0.0003,% Line in the weird comb
1331.200000,0,0.0,1,1,0.0003,0.0003,% Line in the weird comb
1335.500000,0,0.0,1,1,0.0003,0.0003,% Line in the weird comb
1338.400000,0,0.0,1,1,0.0003,0.0003,% Line in the weird comb
1338.900000,0,0.0,1,1,0.0003,0.0003,% Line in the weird comb
1339.400000,0,0.0,1,1,0.0003,0.0003,% Line in the weird comb
1340.800000,0,0.0,1,1,0.0003,0.0003,% Line in the weird comb
1341.300000,0,0.0,1,1,0.0003,0.0003,% Line in the weird comb
1344.200000,0,0.0,1,1,0.0003,0.0003,% Line in the weird comb
1347.100000,0,0.0,1,1,0.0003,0.0003,% Line in the weird comb
1350.000000,0,0.0,1,1,0.0003,0.0003,% Line in the weird comb
1352.900000,0,0.0,1,1,0.0003,0.0003,% Line in the weird comb
1355.800000,0,0.0,1,1,0.0003,0.0003,% Line in the weird comb
1358.200000,0,0.0,1,1,0.0003,0.0003,% Line in the weird comb
1361.100000,0,0.0,1,1,0.0003,0.0003,% Line in the weird comb
1361.600000,0,0.0,1,1,0.0003,0.0003,% Line in the weird comb
1364.000000,0,0.0,1,1,0.0003,0.0003,% Line in the weird comb
1364.500000,0,0.0,1,1,0.0003,0.0003,% Line in the weird comb
1366.900000,0,0.0,1,1,0.0003,0.0003,% Line in the weird comb
1369.800000,0,0.0,1,1,0.0003,0.0003,% Line in the weird comb
1372.700000,0,0.0,1,1,0.0003,0.0003,% Line in the weird comb
1375.600000,0,0.0,1,1,0.0003,0.0003,% Line in the weird comb
1378.000000,0,0.0,1,1,0.0003,0.0003,% Line in the weird comb
1378.500000,0,0.0,1,1,0.0003,0.0003,% Line in the weird comb
1381.400000,0,0.0,1,1,0.0003,0.0003,% Line in the weird comb
1383.800000,0,0.0,1,1,0.0003,0.0003,% Line in the weird comb
1384.300000,0,0.0,1,1,0.0003,0.0003,% Line in the weird comb
1386.200000,0,0.0,1,1,0.0003,0.0003,% Line in the weird comb
1386.700000,0,0.0,1,1,0.0003,0.0003,% Line in the weird comb
1387.200000,0,0.0,1,1,0.0003,0.0003,% Line in the weird comb
1389.600000,0,0.0,1,1,0.0003,0.0003,% Line in the weird comb
1392.000000,0,0.0,1,1,0.0003,0.0003,% Line in the weird comb
1392.500000,0,0.0,1,1,0.0003,0.0003,% Line in the weird comb
1395.400000,0,0.0,1,1,0.0003,0.0003,% Line in the weird comb
1398.300000,0,0.0,1,1,0.0003,0.0003,% Line in the weird comb
1401.200000,0,0.0,1,1,0.0003,0.0003,% Line in the weird comb
1404.100000,0,0.0,1,1,0.0003,0.0003,% Line in the weird comb
1406.500000,0,0.0,1,1,0.0003,0.0003,% Line in the weird comb
1407.000000,0,0.0,1,1,0.0003,0.0003,% Line in the weird comb
1409.400000,0,0.0,1,1,0.0003,0.0003,% Line in the weird comb
1409.900000,0,0.0,1,1,0.0003,0.0003,% Line in the weird comb
1412.300000,0,0.0,1,1,0.0003,0.0003,% Line in the weird comb
1412.800000,0,0.0,1,1,0.0003,0.0003,% Line in the weird comb
1415.200000,0,0.0,1,1,0.0003,0.0003,% Line in the weird comb
1415.700000,0,0.0,1,1,0.0003,0.0003,% Line in the weird comb
1418.100000,0,0.0,1,1,0.0003,0.0003,% Line in the weird comb
1420.500000,0,0.0,1,1,0.0003,0.0003,% Line in the weird comb
1421.000000,0,0.0,1,1,0.0003,0.0003,% Line in the weird comb
1423.900000,0,0.0,1,1,0.0003,0.0003,% Line in the weird comb
1426.300000,0,0.0,1,1,0.0003,0.0003,% Line in the weird comb
1426.800000,0,0.0,1,1,0.0003,0.0003,% Line in the weird comb
1427.300000,0,0.0,1,1,0.0003,0.0003,% Line in the weird comb
1429.200000,0,0.0,1,1,0.0003,0.0003,% Line in the weird comb
1429.700000,0,0.0,1,1,0.0003,0.0003,% Line in the weird comb
1432.100000,0,0.0,1,1,0.0003,0.0003,% Line in the weird comb
1435.000000,0,0.0,1,1,0.0003,0.0003,% Line in the weird comb
1436.000000,0,0.0,1,1,0.0003,0.0003,% Line in the weird comb
1437.900000,0,0.0,1,1,0.0003,0.0003,% Line in the weird comb
1440.800000,0,0.0,1,1,0.0003,0.0003,% Line in the weird comb
1443.700000,0,0.0,1,1,0.0003,0.0003,% Line in the weird comb
1446.600000,0,0.0,1,1,0.0003,0.0003,% Line in the weird comb
1447.100000,0,0.0,1,1,0.0003,0.0003,% Line in the weird comb
1451.900000,0,0.0,1,1,0.0003,0.0003,% Line in the weird comb
1452.400000,0,0.0,1,1,0.0003,0.0003,% Line in the weird comb
1454.300000,0,0.0,1,1,0.0003,0.0003,% Line in the weird comb
1455.300000,0,0.0,1,1,0.0003,0.0003,% Line in the weird comb
1457.700000,0,0.0,1,1,0.0003,0.0003,% Line in the weird comb
1458.200000,0,0.0,1,1,0.0003,0.0003,% Line in the weird comb
1460.100000,0,0.0,1,1,0.0003,0.0003,% Line in the weird comb
1460.600000,0,0.0,1,1,0.0003,0.0003,% Line in the weird comb
1461.100000,0,0.0,1,1,0.0003,0.0003,% Line in the weird comb
1463.500000,0,0.0,1,1,0.0003,0.0003,% Line in the weird comb
1464.000000,0,0.0,1,1,0.0003,0.0003,% Line in the weird comb
1466.400000,0,0.0,1,1,0.0003,0.0003,% Line in the weird comb
1469.300000,0,0.0,1,1,0.0003,0.0003,% Line in the weird comb
1469.800000,0,0.0,1,1,0.0003,0.0003,% Line in the weird comb
1472.200000,0,0.0,1,1,0.0003,0.0003,% Line in the weird comb
1474.600000,0,0.0,1,1,0.0003,0.0003,% Line in the weird comb
1475.100000,0,0.0,1,1,0.0003,0.0003,% Line in the weird comb
1475.600000,0,0.0,1,1,0.0003,0.0003,% Line in the weird comb
1477.500000,0,0.0,1,1,0.0003,0.0003,% Line in the weird comb
1478.000000,0,0.0,1,1,0.0003,0.0003,% Line in the weird comb
1480.400000,0,0.0,1,1,0.0003,0.0003,% Line in the weird comb
1483.300000,0,0.0,1,1,0.0003,0.0003,% Line in the weird comb
1484.300000,0,0.0,1,1,0.0003,0.0003,% Line in the weird comb
1489.100000,0,0.0,1,1,0.0003,0.0003,% Line in the weird comb
1489.600000,0,0.0,1,1,0.0003,0.0003,% Line in the weird comb
1492.000000,0,0.0,1,1,0.0003,0.0003,% Line in the weird comb
1494.900000,0,0.0,1,1,0.0003,0.0003,% Line in the weird comb
1500.700000,0,0.0,1,1,0.0003,0.0003,% Line in the weird comb
1506.500000,0,0.0,1,1,0.0003,0.0003,% Line in the weird comb
1509.400000,0,0.0,1,1,0.0003,0.0003,% Line in the weird comb
1511.800000,0,0.0,1,1,0.0003,0.0003,% Line in the weird comb
1512.300000,0,0.0,1,1,0.0003,0.0003,% Line in the weird comb
1514.700000,0,0.0,1,1,0.0003,0.0003,% Line in the weird comb
1517.600000,0,0.0,1,1,0.0003,0.0003,% Line in the weird comb
1520.500000,0,0.0,1,1,0.0003,0.0003,% Line in the weird comb
1523.400000,0,0.0,1,1,0.0003,0.0003,% Line in the weird comb
1526.300000,0,0.0,1,1,0.0003,0.0003,% Line in the weird comb
1526.800000,0,0.0,1,1,0.0003,0.0003,% Line in the weird comb
1528.700000,0,0.0,1,1,0.0003,0.0003,% Line in the weird comb
1529.200000,0,0.0,1,1,0.0003,0.0003,% Line in the weird comb
1529.700000,0,0.0,1,1,0.0003,0.0003,% Line in the weird comb
1531.600000,0,0.0,1,1,0.0003,0.0003,% Line in the weird comb
1532.100000,0,0.0,1,1,0.0003,0.0003,% Line in the weird comb
1534.500000,0,0.0,1,1,0.0003,0.0003,% Line in the weird comb
1535.000000,0,0.0,1,1,0.0003,0.0003,% Line in the weird comb
1537.400000,0,0.0,1,1,0.0003,0.0003,% Line in the weird comb
1540.300000,0,0.0,1,1,0.0003,0.0003,% Line in the weird comb
1542.700000,0,0.0,1,1,0.0003,0.0003,% Line in the weird comb
1543.200000,0,0.0,1,1,0.0003,0.0003,% Line in the weird comb
1546.100000,0,0.0,1,1,0.0003,0.0003,% Line in the weird comb
1549.000000,0,0.0,1,1,0.0003,0.0003,% Line in the weird comb
1550.900000,0,0.0,1,1,0.0003,0.0003,% Line in the weird comb
1551.900000,0,0.0,1,1,0.0003,0.0003,% Line in the weird comb
1554.300000,0,0.0,1,1,0.0003,0.0003,% Line in the weird comb
1554.800000,0,0.0,1,1,0.0003,0.0003,% Line in the weird comb
1557.700000,0,0.0,1,1,0.0003,0.0003,% Line in the weird comb
1560.100000,0,0.0,1,1,0.0003,0.0003,% Line in the weird comb
1560.600000,0,0.0,1,1,0.0003,0.0003,% Line in the weird comb
1563.000000,0,0.0,1,1,0.0003,0.0003,% Line in the weird comb
1563.500000,0,0.0,1,1,0.0003,0.0003,% Line in the weird comb
1565.900000,0,0.0,1,1,0.0003,0.0003,% Line in the weird comb
1568.300000,0,0.0,1,1,0.0003,0.0003,% Line in the weird comb
1568.800000,0,0.0,1,1,0.0003,0.0003,% Line in the weird comb
1571.200000,0,0.0,1,1,0.0003,0.0003,% Line in the weird comb
1571.700000,0,0.0,1,1,0.0003,0.0003,% Line in the weird comb
1574.600000,0,0.0,1,1,0.0003,0.0003,% Line in the weird comb
1575.100000,0,0.0,1,1,0.0003,0.0003,% Line in the weird comb
1577.500000,0,0.0,1,1,0.0003,0.0003,% Line in the weird comb
1578.000000,0,0.0,1,1,0.0003,0.0003,% Line in the weird comb
1580.400000,0,0.0,1,1,0.0003,0.0003,% Line in the weird comb
1580.90000,0,0.0,1,1,0.0003,0.0003,% Line in the weird comb
1582.800000,0,0.0,1,1,0.0003,0.0003,% Line in the weird comb
1585.700000,0,0.0,1,1,0.0003,0.0003,% Line in the weird comb
1588.600000,0,0.0,1,1,0.0003,0.0003,% Line in the weird comb
1591.000000,0,0.0,1,1,0.0003,0.0003,% Line in the weird comb
1591.500000,0,0.0,1,1,0.0003,0.0003,% Line in the weird comb
1593.900000,0,0.0,1,1,0.0003,0.0003,% Line in the weird comb
1594.400000,0,0.0,1,1,0.0003,0.0003,% Line in the weird comb
1596.300000,0,0.0,1,1,0.0003,0.0003,% Line in the weird comb
1596.800000,0,0.0,1,1,0.0003,0.0003,% Line in the weird comb
1599.700000,0,0.0,1,1,0.0003,0.0003,% Line in the weird comb
1600.200000,0,0.0,1,1,0.0003,0.0003,% Line in the weird comb
1603.100000,0,0.0,1,1,0.0003,0.0003,% Line in the weird comb
1606.000000,0,0.0,1,1,0.0003,0.0003,% Line in the weird comb
1608.400000,0,0.0,1,1,0.0003,0.0003,% Line in the weird comb
1611.300000,0,0.0,1,1,0.0003,0.0003,% Line in the weird comb
1614.200000,0,0.0,1,1,0.0003,0.0003,% Line in the weird comb
1617.100000,0,0.0,1,1,0.0003,0.0003,% Line in the weird comb
1619.000000,0,0.0,1,1,0.0003,0.0003,% Line in the weird comb
1619.500000,0,0.0,1,1,0.0003,0.0003,% Line in the weird comb
1622.400000,0,0.0,1,1,0.0003,0.0003,% Line in the weird comb
1622.900000,0,0.0,1,1,0.0003,0.0003,% Line in the weird comb
1625.300000,0,0.0,1,1,0.0003,0.0003,% Line in the weird comb
1625.800000,0,0.0,1,1,0.0003,0.0003,% Line in the weird comb
1628.200000,0,0.0,1,1,0.0003,0.0003,% Line in the weird comb
1628.700000,0,0.0,1,1,0.0003,0.0003,% Line in the weird comb
1630.600000,0,0.0,1,1,0.0003,0.0003,% Line in the weird comb
1631.100000,0,0.0,1,1,0.0003,0.0003,% Line in the weird comb
1631.600000,0,0.0,1,1,0.0003,0.0003,% Line in the weird comb
1636.900000,0,0.0,1,1,0.0003,0.0003,% Line in the weird comb
1639.800000,0,0.0,1,1,0.0003,0.0003,% Line in the weird comb
1642.700000,0,0.0,1,1,0.0003,0.0003,% Line in the weird comb
1645.100000,0,0.0,1,1,0.0003,0.0003,% Line in the weird comb
1645.600000,0,0.0,1,1,0.0003,0.0003,% Line in the weird comb
1648.500000,0,0.0,1,1,0.0003,0.0003,% Line in the weird comb
1651.400000,0,0.0,1,1,0.0003,0.0003,% Line in the weird comb
1653.800000,0,0.0,1,1,0.0003,0.0003,% Line in the weird comb
1656.700000,0,0.0,1,1,0.0003,0.0003,% Line in the weird comb
1657.200000,0,0.0,1,1,0.0003,0.0003,% Line in the weird comb
1659.600000,0,0.0,1,1,0.0003,0.0003,% Line in the weird comb
1660.100000,0,0.0,1,1,0.0003,0.0003,% Line in the weird comb
1662.500000,0,0.0,1,1,0.0003,0.0003,% Line in the weird comb
1665.400000,0,0.0,1,1,0.0003,0.0003,% Line in the weird comb
1667.800000,0,0.0,1,1,0.0003,0.0003,% Line in the weird comb
1668.300000,0,0.0,1,1,0.0003,0.0003,% Line in the weird comb
1670.200000,0,0.0,1,1,0.0003,0.0003,% Line in the weird comb
1670.700000,0,0.0,1,1,0.0003,0.0003,% Line in the weird comb
1671.200000,0,0.0,1,1,0.0003,0.0003,% Line in the weird comb
1674.100000,0,0.0,1,1,0.0003,0.0003,% Line in the weird comb
1676.500000,0,0.0,1,1,0.0003,0.0003,% Line in the weird comb
1677.000000,0,0.0,1,1,0.0003,0.0003,% Line in the weird comb
1679.900000,0,0.0,1,1,0.0003,0.0003,% Line in the weird comb
1685.200000,0,0.0,1,1,0.0003,0.0003,% Line in the weird comb
1685.700000,0,0.0,1,1,0.0003,0.0003,% Line in the weird comb
1688.100000,0,0.0,1,1,0.0003,0.0003,% Line in the weird comb
1688.600000,0,0.0,1,1,0.0003,0.0003,% Line in the weird comb
1691.000000,0,0.0,1,1,0.0003,0.0003,% Line in the weird comb
1691.500000,0,0.0,1,1,0.0003,0.0003,% Line in the weird comb
1693.400000,0,0.0,1,1,0.0003,0.0003,% Line in the weird comb
1693.900000,0,0.0,1,1,0.0003,0.0003,% Line in the weird comb
1696.300000,0,0.0,1,1,0.0003,0.0003,% Line in the weird comb
1696.800000,0,0.0,1,1,0.0003,0.0003,% Line in the weird comb
1699.700000,0,0.0,1,1,0.0003,0.0003,% Line in the weird comb
1702.100000,0,0.0,1,1,0.0003,0.0003,% Line in the weird comb
1707.900000,0,0.0,1,1,0.0003,0.0003,% Line in the weird comb
1708.400000,0,0.0,1,1,0.0003,0.0003,% Line in the weird comb
1710.800000,0,0.0,1,1,0.0003,0.0003,% Line in the weird comb
1711.300000,0,0.0,1,1,0.0003,0.0003,% Line in the weird comb
1713.700000,0,0.0,1,1,0.0003,0.0003,% Line in the weird comb
1716.600000,0,0.0,1,1,0.0003,0.0003,% Line in the weird comb
1719.500000,0,0.0,1,1,0.0003,0.0003,% Line in the weird comb
1720.000000,0,0.0,1,1,0.0003,0.0003,% Line in the weird comb
1721.900000,0,0.0,1,1,0.0003,0.0003,% Line in the weird comb
1722.400000,0,0.0,1,1,0.0003,0.0003,% Line in the weird comb
1725.800000,0,0.0,1,1,0.0003,0.0003,% Line in the weird comb
1727.700000,0,0.0,1,1,0.0003,0.0003,% Line in the weird comb
1730.600000,0,0.0,1,1,0.0003,0.0003,% Line in the weird comb
1731.100000,0,0.0,1,1,0.0003,0.0003,% Line in the weird comb
1733.500000,0,0.0,1,1,0.0003,0.0003,% Line in the weird comb
1736.400000,0,0.0,1,1,0.0003,0.0003,% Line in the weird comb
1736.900000,0,0.0,1,1,0.0003,0.0003,% Line in the weird comb
1738.800000,0,0.0,1,1,0.0003,0.0003,% Line in the weird comb
1739.300000,0,0.0,1,1,0.0003,0.0003,% Line in the weird comb
1739.800000,0,0.0,1,1,0.0003,0.0003,% Line in the weird comb
1742.200000,0,0.0,1,1,0.0003,0.0003,% Line in the weird comb
1744.600000,0,0.0,1,1,0.0003,0.0003,% Line in the weird comb
1745.100000,0,0.0,1,1,0.0003,0.0003,% Line in the weird comb
1747.500000,0,0.0,1,1,0.0003,0.0003,% Line in the weird comb
1748.000000,0,0.0,1,1,0.0003,0.0003,% Line in the weird comb
1750.400000,0,0.0,1,1,0.0003,0.0003,% Line in the weird comb
1750.900000,0,0.0,1,1,0.0003,0.0003,% Line in the weird comb
1751.400000,0,0.0,1,1,0.0003,0.0003,% Line in the weird comb
1753.300000,0,0.0,1,1,0.0003,0.0003,% Line in the weird comb
1753.800000,0,0.0,1,1,0.0003,0.0003,% Line in the weird comb
1755.700000,0,0.0,1,1,0.0003,0.0003,% Line in the weird comb
1756.200000,0,0.0,1,1,0.0003,0.0003,% Line in the weird comb
1756.700000,0,0.0,1,1,0.0003,0.0003,% Line in the weird comb
1759.100000,0,0.0,1,1,0.0003,0.0003,% Line in the weird comb
1759.600000,0,0.0,1,1,0.0003,0.0003,% Line in the weird comb
1761.000000,0,0.0,1,1,0.0003,0.0003,% Line in the weird comb
1762.000000,0,0.0,1,1,0.0003,0.0003,% Line in the weird comb
1764.400000,0,0.0,1,1,0.0003,0.0003,% Line in the weird comb
1764.900000,0,0.0,1,1,0.0003,0.0003,% Line in the weird comb
1767.800000,0,0.0,1,1,0.0003,0.0003,% Line in the weird comb
1770.200000,0,0.0,1,1,0.0003,0.0003,% Line in the weird comb
1770.700000,0,0.0,1,1,0.0003,0.0003,% Line in the weird comb
1773.600000,0,0.0,1,1,0.0003,0.0003,% Line in the weird comb
1776.000000,0,0.0,1,1,0.0003,0.0003,% Line in the weird comb
1776.500000,0,0.0,1,1,0.0003,0.0003,% Line in the weird comb
1778.400000,0,0.0,1,1,0.0003,0.0003,% Line in the weird comb
1778.900000,0,0.0,1,1,0.0003,0.0003,% Line in the weird comb
1779.400000,0,0.0,1,1,0.0003,0.0003,% Line in the weird comb
1781.800000,0,0.0,1,1,0.0003,0.0003,% Line in the weird comb
1782.300000,0,0.0,1,1,0.0003,0.0003,% Line in the weird comb
1784.700000,0,0.0,1,1,0.0003,0.0003,% Line in the weird comb
1787.600000,0,0.0,1,1,0.0003,0.0003,% Line in the weird comb
1788.100000,0,0.0,1,1,0.0003,0.0003,% Line in the weird comb
1790.500000,0,0.0,1,1,0.0003,0.0003,% Line in the weird comb
1793.400000,0,0.0,1,1,0.0003,0.0003,% Line in the weird comb
1795.800000,0,0.0,1,1,0.0003,0.0003,% Line in the weird comb
1796.300000,0,0.0,1,1,0.0003,0.0003,% Line in the weird comb
1798.700000,0,0.0,1,1,0.0003,0.0003,% Line in the weird comb
1799.200000,0,0.0,1,1,0.0003,0.0003,% Line in the weird comb
1801.100000,0,0.0,1,1,0.0003,0.0003,% Line in the weird comb
1801.600000,0,0.0,1,1,0.0003,0.0003,% Line in the weird comb
1802.600000,0,0.0,1,1,0.0003,0.0003,% Line in the weird comb
1804.500000,0,0.0,1,1,0.0003,0.0003,% Line in the weird comb
1805.000000,0,0.0,1,1,0.0003,0.0003,% Line in the weird comb
1806.900000,0,0.0,1,1,0.0003,0.0003,% Line in the weird comb
1807.400000,0,0.0,1,1,0.0003,0.0003,% Line in the weird comb
1810.300000,0,0.0,1,1,0.0003,0.0003,% Line in the weird comb
1813.200000,0,0.0,1,1,0.0003,0.0003,% Line in the weird comb
1816.100000,0,0.0,1,1,0.0003,0.0003,% Line in the weird comb
1819.000000,0,0.0,1,1,0.0003,0.0003,% Line in the weird comb
1819.500000,0,0.0,1,1,0.0003,0.0003,% Line in the weird comb
1820.900000,0,0.0,1,1,0.0003,0.0003,% Line in the weird comb
1821.900000,0,0.0,1,1,0.0003,0.0003,% Line in the weird comb
1824.800000,0,0.0,1,1,0.0003,0.0003,% Line in the weird comb
1826.700000,0,0.0,1,1,0.0003,0.0003,% Line in the weird comb
1827.200000,0,0.0,1,1,0.0003,0.0003,% Line in the weird comb
1827.700000,0,0.0,1,1,0.0003,0.0003,% Line in the weird comb
1829.600000,0,0.0,1,1,0.0003,0.0003,% Line in the weird comb
1830.100000,0,0.0,1,1,0.0003,0.0003,% Line in the weird comb
1830.600000,0,0.0,1,1,0.0003,0.0003,% Line in the weird comb
1832.500000,0,0.0,1,1,0.0003,0.0003,% Line in the weird comb
1833.000000,0,0.0,1,1,0.0003,0.0003,% Line in the weird comb
1833.500000,0,0.0,1,1,0.0003,0.0003,% Line in the weird comb
1835.400000,0,0.0,1,1,0.0003,0.0003,% Line in the weird comb
1835.900000,0,0.0,1,1,0.0003,0.0003,% Line in the weird comb
1838.300000,0,0.0,1,1,0.0003,0.0003,% Line in the weird comb
1838.800000,0,0.0,1,1,0.0003,0.0003,% Line in the weird comb
1841.200000,0,0.0,1,1,0.0003,0.0003,% Line in the weird comb
1841.700000,0,0.0,1,1,0.0003,0.0003,% Line in the weird comb
1844.100000,0,0.0,1,1,0.0003,0.0003,% Line in the weird comb
1844.600000,0,0.0,1,1,0.0003,0.0003,% Line in the weird comb
1847.000000,0,0.0,1,1,0.0003,0.0003,% Line in the weird comb
1847.500000,0,0.0,1,1,0.0003,0.0003,% Line in the weird comb
1852.800000,0,0.0,1,1,0.0003,0.0003,% Line in the weird comb
1853.300000,0,0.0,1,1,0.0003,0.0003,% Line in the weird comb
1855.700000,0,0.0,1,1,0.0003,0.0003,% Line in the weird comb
1856.200000,0,0.0,1,1,0.0003,0.0003,% Line in the weird comb
1858.600000,0,0.0,1,1,0.0003,0.0003,% Line in the weird comb
1859.100000,0,0.0,1,1,0.0003,0.0003,% Line in the weird comb
1861.500000,0,0.0,1,1,0.0003,0.0003,% Line in the weird comb
1862.000000,0,0.0,1,1,0.0003,0.0003,% Line in the weird comb
1864.400000,0,0.0,1,1,0.0003,0.0003,% Line in the weird comb
1867.300000,0,0.0,1,1,0.0003,0.0003,% Line in the weird comb
1867.800000,0,0.0,1,1,0.0003,0.0003,% Line in the weird comb
1869.700000,0,0.0,1,1,0.0003,0.0003,% Line in the weird comb
1870.200000,0,0.0,1,1,0.0003,0.0003,% Line in the weird comb
1872.600000,0,0.0,1,1,0.0003,0.0003,% Line in the weird comb
1873.100000,0,0.0,1,1,0.0003,0.0003,% Line in the weird comb
1875.500000,0,0.0,1,1,0.0003,0.0003,% Line in the weird comb
1876.000000,0,0.0,1,1,0.0003,0.0003,% Line in the weird comb
1878.400000,0,0.0,1,1,0.0003,0.0003,% Line in the weird comb
1881.300000,0,0.0,1,1,0.0003,0.0003,% Line in the weird comb
1883.700000,0,0.0,1,1,0.0003,0.0003,% Line in the weird comb
1884.200000,0,0.0,1,1,0.0003,0.0003,% Line in the weird comb
1886.600000,0,0.0,1,1,0.0003,0.0003,% Line in the weird comb
1887.100000,0,0.0,1,1,0.0003,0.0003,% Line in the weird comb
1889.000000,0,0.0,1,1,0.0003,0.0003,% Line in the weird comb
1889.500000,0,0.0,1,1,0.0003,0.0003,% Line in the weird comb
1890.000000,0,0.0,1,1,0.0003,0.0003,% Line in the weird comb
1890.500000,0,0.0,1,1,0.0003,0.0003,% Line in the weird comb
1892.400000,0,0.0,1,1,0.0003,0.0003,% Line in the weird comb
1892.900000,0,0.0,1,1,0.0003,0.0003,% Line in the weird comb
1893.400000,0,0.0,1,1,0.0003,0.0003,% Line in the weird comb
1895.300000,0,0.0,1,1,0.0003,0.0003,% Line in the weird comb
1895.800000,0,0.0,1,1,0.0003,0.0003,% Line in the weird comb
1898.700000,0,0.0,1,1,0.0003,0.0003,% Line in the weird comb
1901.100000,0,0.0,1,1,0.0003,0.0003,% Line in the weird comb
1901.600000,0,0.0,1,1,0.0003,0.0003,% Line in the weird comb
1904.000000,0,0.0,1,1,0.0003,0.0003,% Line in the weird comb
1906.900000,0,0.0,1,1,0.0003,0.0003,% Line in the weird comb
1907.400000,0,0.0,1,1,0.0003,0.0003,% Line in the weird comb
1909.300000,0,0.0,1,1,0.0003,0.0003,% Line in the weird comb
1909.800000,0,0.0,1,1,0.0003,0.0003,% Line in the weird comb
1910.300000,0,0.0,1,1,0.0003,0.0003,% Line in the weird comb
1912.200000,0,0.0,1,1,0.0003,0.0003,% Line in the weird comb
1912.700000,0,0.0,1,1,0.0003,0.0003,% Line in the weird comb
1913.200000,0,0.0,1,1,0.0003,0.0003,% Line in the weird comb
1915.100000,0,0.0,1,1,0.0003,0.0003,% Line in the weird comb
1915.600000,0,0.0,1,1,0.0003,0.0003,% Line in the weird comb
1919.000000,0,0.0,1,1,0.0003,0.0003,% Line in the weird comb
1920.900000,0,0.0,1,1,0.0003,0.0003,% Line in the weird comb
1921.400000,0,0.0,1,1,0.0003,0.0003,% Line in the weird comb
1923.800000,0,0.0,1,1,0.0003,0.0003,% Line in the weird comb
1924.300000,0,0.0,1,1,0.0003,0.0003,% Line in the weird comb
1926.700000,0,0.0,1,1,0.0003,0.0003,% Line in the weird comb
1929.600000,0,0.0,1,1,0.0003,0.0003,% Line in the weird comb
1932.500000,0,0.0,1,1,0.0003,0.0003,% Line in the weird comb
1933.000000,0,0.0,1,1,0.0003,0.0003,% Line in the weird comb
1933.500000,0,0.0,1,1,0.0003,0.0003,% Line in the weird comb
1935.400000,0,0.0,1,1,0.0003,0.0003,% Line in the weird comb
1937.800000,0,0.0,1,1,0.0003,0.0003,% Line in the weird comb
1938.300000,0,0.0,1,1,0.0003,0.0003,% Line in the weird comb
1940.700000,0,0.0,1,1,0.0003,0.0003,% Line in the weird comb
1941.200000,0,0.0,1,1,0.0003,0.0003,% Line in the weird comb
1944.100000,0,0.0,1,1,0.0003,0.0003,% Line in the weird comb
1946.500000,0,0.0,1,1,0.0003,0.0003,% Line in the weird comb
1947.000000,0,0.0,1,1,0.0003,0.0003,% Line in the weird comb
1949.400000,0,0.0,1,1,0.0003,0.0003,% Line in the weird comb
1952.200000,0,0.0,1,1,0.0003,0.0003,% Line in the weird comb
1951.800000,0,0.0,1,1,0.0003,0.0003,% Line in the weird comb
1952.300000,0,0.0,1,1,0.0003,0.0003,% Line in the weird comb
1952.800000,0,0.0,1,1,0.0003,0.0003,% Line in the weird comb
1952.300000,0,0.0,1,1,0.0003,0.0003,% Line in the weird comb
1955.200000,0,0.0,1,1,0.0003,0.0003,% Line in the weird comb
1955.700000,0,0.0,1,1,0.0003,0.0003,% Line in the weird comb
1958.100000,0,0.0,1,1,0.0003,0.0003,% Line in the weird comb
1958.600000,0,0.0,1,1,0.0003,0.0003,% Line in the weird comb
1960.500000,0,0.0,1,1,0.0003,0.0003,% Line in the weird comb
1961.000000,0,0.0,1,1,0.0003,0.0003,% Line in the weird comb
1963.400000,0,0.0,1,1,0.0003,0.0003,% Line in the weird comb
1963.900000,0,0.0,1,1,0.0003,0.0003,% Line in the weird comb
1964.400000,0,0.0,1,1,0.0003,0.0003,% Line in the weird comb
1966.800000,0,0.0,1,1,0.0003,0.0003,% Line in the weird comb
1969.200000,0,0.0,1,1,0.0003,0.0003,% Line in the weird comb
1969.700000,0,0.0,1,1,0.0003,0.0003,% Line in the weird comb
1972.600000,0,0.0,1,1,0.0003,0.0003,% Line in the weird comb
1975.000000,0,0.0,1,1,0.0003,0.0003,% Line in the weird comb
1976.000000,0,0.0,1,1,0.0003,0.0003,% Line in the weird comb
1978.400000,0,0.0,1,1,0.0003,0.0003,% Line in the weird comb
1980.800000,0,0.0,1,1,0.0003,0.0003,% Line in the weird comb
1983.200000,0,0.0,1,1,0.0003,0.0003,% Line in the weird comb
1984.200000,0,0.0,1,1,0.0003,0.0003,% Line in the weird comb
1983.700000,0,0.0,1,1,0.0003,0.0003,% Line in the weird comb
1986.600000,0,0.0,1,1,0.0003,0.0003,% Line in the weird comb
1991.400000,0,0.0,1,1,0.0003,0.0003,% Line in the weird comb
1992.400000,0,0.0,1,1,0.0003,0.0003,% Line in the weird comb
1994.800000,0,0.0,1,1,0.0003,0.0003,% Line in the weird comb
1995.300000,0,0.0,1,1,0.0003,0.0003,% Line in the weird comb
1997.200000,0,0.0,1,1,0.0003,0.0003,% Line in the weird comb
1997.700000,0,0.0,1,1,0.0003,0.0003,% Line in the weird comb
